[26-Mar-2026 12:11:40 America/Lima] PHP Deprecated:  Creation of dynamic property Cobranza::$conectar is deprecated in C:\laragon\www\well-known\app\models\Cobranza.php on line 9
[26-Mar-2026 12:11:53 America/Lima] PHP Deprecated:  Creation of dynamic property Cobranza::$conectar is deprecated in C:\laragon\www\well-known\app\models\Cobranza.php on line 9
[26-Mar-2026 12:36:41 America/Lima] DEBUG: Buscando cotización ID: 46813
[26-Mar-2026 12:36:41 America/Lima] DEBUG: SQL sin filtros: SELECT * FROM cotizaciones where cotizacion_id='46813'
[26-Mar-2026 12:36:41 America/Lima] DEBUG: Datos de cotización encontrados: {"cotizacion_id":"46813","numero":"45050","id_tido":"6","id_tipo_pago":"2","fecha":"2026-03-26","dias_pagos":"","direccion":"1","id_cliente":"585","total":"1100.00","estado":"0","id_empresa":"12","sucursal":"1","usar_precio":"5","moneda":"1","cm_tc":null,"id_usuario":"40","observacion":"","fecha_registro":"2026-03-26 11:26:18"}
[26-Mar-2026 12:36:41 America/Lima] DEBUG: Buscando cliente con SQL: select * from clientes where id_cliente = '585'
[26-Mar-2026 12:36:41 America/Lima] DEBUG: SQL productos: SELECT p.cnt_presenta, pc.medida,pc.presenta,pc.presenta_cnt,p.codigo,pc.id_producto,pc.cantidad,p.descripcion,p.codsunat,p.precio,p.precio2,p.precio3,p.costo,pc.precio AS precioVenta,p.precio4,p.precio_unidad
        FROM productos_cotis pc
        JOIN productos p ON p.id_producto = pc.id_producto
        WHERE pc.id_coti = '46813'
[26-Mar-2026 12:36:41 America/Lima] DEBUG: Productos encontrados: 2
[26-Mar-2026 12:36:50 America/Lima] PHP Deprecated:  Creation of dynamic property UsuariosController::$conectar is deprecated in C:\laragon\www\well-known\app\http\controllers\UsuariosController.php on line 12
[26-Mar-2026 12:38:39 America/Lima] === getAllByIdVenta ===
[26-Mar-2026 12:38:39 America/Lima] ID: 46814
[26-Mar-2026 12:38:39 America/Lima] Tipo: c
[26-Mar-2026 12:38:39 America/Lima] SQL: SELECT *,cuota_coti_id as dias_venta_id,'c' as tipo_doc FROM cuotas_cotizacion WHERE id_coti = '46814'
[26-Mar-2026 12:38:39 America/Lima] Registros encontrados: 1
[26-Mar-2026 12:38:39 America/Lima] Datos: [{"cuota_coti_id":"226882","id_coti":"46814","id_usuario":null,"id_caja_empresa":null,"monto":"880.000","fecha":"2026-03-26","estado":"0","tipo_pago":null,"fecha_pago_real":null,"dias_venta_id":"226882","tipo_doc":"c"}]
[26-Mar-2026 12:40:26 America/Lima] DEBUG: Buscando cotización ID: 46814
[26-Mar-2026 12:40:26 America/Lima] DEBUG: SQL sin filtros: SELECT * FROM cotizaciones where cotizacion_id='46814'
[26-Mar-2026 12:40:26 America/Lima] DEBUG: Datos de cotización encontrados: {"cotizacion_id":"46814","numero":"45051","id_tido":"6","id_tipo_pago":"2","fecha":"2026-03-26","dias_pagos":"","direccion":"1","id_cliente":"297","total":"880.00","estado":"0","id_empresa":"12","sucursal":"1","usar_precio":"5","moneda":"1","cm_tc":null,"id_usuario":"40","observacion":"","fecha_registro":"2026-03-26 12:37:10"}
[26-Mar-2026 12:40:26 America/Lima] DEBUG: Buscando cliente con SQL: select * from clientes where id_cliente = '297'
[26-Mar-2026 12:40:26 America/Lima] DEBUG: SQL productos: SELECT p.cnt_presenta, pc.medida,pc.presenta,pc.presenta_cnt,p.codigo,pc.id_producto,pc.cantidad,p.descripcion,p.codsunat,p.precio,p.precio2,p.precio3,p.costo,pc.precio AS precioVenta,p.precio4,p.precio_unidad
        FROM productos_cotis pc
        JOIN productos p ON p.id_producto = pc.id_producto
        WHERE pc.id_coti = '46814'
[26-Mar-2026 12:40:26 America/Lima] DEBUG: Productos encontrados: 2
[26-Mar-2026 12:40:48 America/Lima] PHP Deprecated:  Creation of dynamic property UsuariosController::$conectar is deprecated in C:\laragon\www\well-known\app\http\controllers\UsuariosController.php on line 12
[26-Mar-2026 12:41:52 America/Lima] PHP Deprecated:  Return type of MyCLabs\Enum\Enum::jsonSerialize() should either be compatible with JsonSerializable::jsonSerialize(): mixed, or the #[\ReturnTypeWillChange] attribute should be used to temporarily suppress the notice in C:\laragon\www\well-known\utils\lib\vendor\myclabs\php-enum\src\Enum.php on line 235
[26-Mar-2026 12:41:52 America/Lima] PHP Warning:  Private methods cannot be final as they are never overridden by other classes in C:\laragon\www\well-known\utils\lib\vendor\dasprid\enum\src\AbstractEnum.php on line 88
[26-Mar-2026 12:41:52 America/Lima] PHP Warning:  Private methods cannot be final as they are never overridden by other classes in C:\laragon\www\well-known\utils\lib\vendor\dasprid\enum\src\AbstractEnum.php on line 128
[26-Mar-2026 12:41:52 America/Lima] PHP Deprecated:  Implicit conversion from float 16.666666666666668 to int loses precision in C:\laragon\www\well-known\utils\lib\vendor\bacon\bacon-qr-code\src\Encoder\MaskUtil.php on line 207
[26-Mar-2026 12:41:52 America/Lima] PHP Deprecated:  Implicit conversion from float 16.333333333333332 to int loses precision in C:\laragon\www\well-known\utils\lib\vendor\bacon\bacon-qr-code\src\Encoder\MaskUtil.php on line 207
[26-Mar-2026 12:41:52 America/Lima] PHP Deprecated:  Implicit conversion from float 15.666666666666668 to int loses precision in C:\laragon\www\well-known\utils\lib\vendor\bacon\bacon-qr-code\src\Encoder\MaskUtil.php on line 207
[26-Mar-2026 12:41:52 America/Lima] PHP Deprecated:  Implicit conversion from float 15.333333333333332 to int loses precision in C:\laragon\www\well-known\utils\lib\vendor\bacon\bacon-qr-code\src\Encoder\MaskUtil.php on line 207
[26-Mar-2026 12:41:52 America/Lima] PHP Deprecated:  Implicit conversion from float 15.666666666666668 to int loses precision in C:\laragon\www\well-known\utils\lib\vendor\bacon\bacon-qr-code\src\Encoder\MaskUtil.php on line 207
[26-Mar-2026 12:41:52 America/Lima] PHP Deprecated:  Implicit conversion from float 15.333333333333332 to int loses precision in C:\laragon\www\well-known\utils\lib\vendor\bacon\bacon-qr-code\src\Encoder\MaskUtil.php on line 207
[26-Mar-2026 12:41:52 America/Lima] PHP Deprecated:  Implicit conversion from float 14.666666666666668 to int loses precision in C:\laragon\www\well-known\utils\lib\vendor\bacon\bacon-qr-code\src\Encoder\MaskUtil.php on line 207
[26-Mar-2026 12:41:52 America/Lima] PHP Deprecated:  Implicit conversion from float 14.333333333333332 to int loses precision in C:\laragon\www\well-known\utils\lib\vendor\bacon\bacon-qr-code\src\Encoder\MaskUtil.php on line 207
[26-Mar-2026 12:41:52 America/Lima] PHP Deprecated:  Implicit conversion from float 14.666666666666668 to int loses precision in C:\laragon\www\well-known\utils\lib\vendor\bacon\bacon-qr-code\src\Encoder\MaskUtil.php on line 207
[26-Mar-2026 12:41:52 America/Lima] PHP Deprecated:  Implicit conversion from float 14.333333333333332 to int loses precision in C:\laragon\www\well-known\utils\lib\vendor\bacon\bacon-qr-code\src\Encoder\MaskUtil.php on line 207
[26-Mar-2026 12:41:52 America/Lima] PHP Deprecated:  Implicit conversion from float 13.666666666666668 to int loses precision in C:\laragon\www\well-known\utils\lib\vendor\bacon\bacon-qr-code\src\Encoder\MaskUtil.php on line 207
[26-Mar-2026 12:41:52 America/Lima] PHP Deprecated:  Implicit conversion from float 13.333333333333332 to int loses precision in C:\laragon\www\well-known\utils\lib\vendor\bacon\bacon-qr-code\src\Encoder\MaskUtil.php on line 207
[26-Mar-2026 12:41:52 America/Lima] PHP Deprecated:  Implicit conversion from float 13.666666666666668 to int loses precision in C:\laragon\www\well-known\utils\lib\vendor\bacon\bacon-qr-code\src\Encoder\MaskUtil.php on line 207
[26-Mar-2026 12:41:52 America/Lima] PHP Deprecated:  Implicit conversion from float 13.333333333333332 to int loses precision in C:\laragon\www\well-known\utils\lib\vendor\bacon\bacon-qr-code\src\Encoder\MaskUtil.php on line 207
[26-Mar-2026 12:41:52 America/Lima] PHP Deprecated:  Implicit conversion from float 12.666666666666668 to int loses precision in C:\laragon\www\well-known\utils\lib\vendor\bacon\bacon-qr-code\src\Encoder\MaskUtil.php on line 207
[26-Mar-2026 12:41:52 America/Lima] PHP Deprecated:  Implicit conversion from float 12.333333333333332 to int loses precision in C:\laragon\www\well-known\utils\lib\vendor\bacon\bacon-qr-code\src\Encoder\MaskUtil.php on line 207
[26-Mar-2026 12:41:52 America/Lima] PHP Deprecated:  Implicit conversion from float 12.666666666666668 to int loses precision in C:\laragon\www\well-known\utils\lib\vendor\bacon\bacon-qr-code\src\Encoder\MaskUtil.php on line 207
[26-Mar-2026 12:41:52 America/Lima] PHP Deprecated:  Implicit conversion from float 12.333333333333332 to int loses precision in C:\laragon\www\well-known\utils\lib\vendor\bacon\bacon-qr-code\src\Encoder\MaskUtil.php on line 207
[26-Mar-2026 12:41:52 America/Lima] PHP Deprecated:  Implicit conversion from float 11.666666666666668 to int loses precision in C:\laragon\www\well-known\utils\lib\vendor\bacon\bacon-qr-code\src\Encoder\MaskUtil.php on line 207
[26-Mar-2026 12:41:52 America/Lima] PHP Deprecated:  Implicit conversion from float 11.333333333333332 to int loses precision in C:\laragon\www\well-known\utils\lib\vendor\bacon\bacon-qr-code\src\Encoder\MaskUtil.php on line 207
[26-Mar-2026 12:41:52 America/Lima] PHP Deprecated:  Implicit conversion from float 11.666666666666668 to int loses precision in C:\laragon\www\well-known\utils\lib\vendor\bacon\bacon-qr-code\src\Encoder\MaskUtil.php on line 207
[26-Mar-2026 12:41:52 America/Lima] PHP Deprecated:  Implicit conversion from float 11.333333333333332 to int loses precision in C:\laragon\www\well-known\utils\lib\vendor\bacon\bacon-qr-code\src\Encoder\MaskUtil.php on line 207
[26-Mar-2026 12:41:52 America/Lima] PHP Deprecated:  Implicit conversion from float 10.666666666666668 to int loses precision in C:\laragon\www\well-known\utils\lib\vendor\bacon\bacon-qr-code\src\Encoder\MaskUtil.php on line 207
[26-Mar-2026 12:41:52 America/Lima] PHP Deprecated:  Implicit conversion from float 10.333333333333332 to int loses precision in C:\laragon\www\well-known\utils\lib\vendor\bacon\bacon-qr-code\src\Encoder\MaskUtil.php on line 207
[26-Mar-2026 12:41:52 America/Lima] PHP Deprecated:  Implicit conversion from float 9.666666666666668 to int loses precision in C:\laragon\www\well-known\utils\lib\vendor\bacon\bacon-qr-code\src\Encoder\MaskUtil.php on line 207
[26-Mar-2026 12:41:52 America/Lima] PHP Deprecated:  Implicit conversion from float 10.666666666666668 to int loses precision in C:\laragon\www\well-known\utils\lib\vendor\bacon\bacon-qr-code\src\Encoder\MaskUtil.php on line 207
[26-Mar-2026 12:41:52 America/Lima] PHP Deprecated:  Implicit conversion from float 10.666666666666668 to int loses precision in C:\laragon\www\well-known\utils\lib\vendor\bacon\bacon-qr-code\src\Encoder\MaskUtil.php on line 207
[26-Mar-2026 12:41:52 America/Lima] PHP Deprecated:  Implicit conversion from float 11.666666666666668 to int loses precision in C:\laragon\www\well-known\utils\lib\vendor\bacon\bacon-qr-code\src\Encoder\MaskUtil.php on line 207
[26-Mar-2026 12:41:52 America/Lima] PHP Deprecated:  Implicit conversion from float 11.666666666666668 to int loses precision in C:\laragon\www\well-known\utils\lib\vendor\bacon\bacon-qr-code\src\Encoder\MaskUtil.php on line 207
[26-Mar-2026 12:41:52 America/Lima] PHP Deprecated:  Implicit conversion from float 12.666666666666668 to int loses precision in C:\laragon\www\well-known\utils\lib\vendor\bacon\bacon-qr-code\src\Encoder\MaskUtil.php on line 207
[26-Mar-2026 12:41:52 America/Lima] PHP Deprecated:  Implicit conversion from float 12.666666666666668 to int loses precision in C:\laragon\www\well-known\utils\lib\vendor\bacon\bacon-qr-code\src\Encoder\MaskUtil.php on line 207
[26-Mar-2026 12:41:52 America/Lima] PHP Deprecated:  Implicit conversion from float 13.666666666666668 to int loses precision in C:\laragon\www\well-known\utils\lib\vendor\bacon\bacon-qr-code\src\Encoder\MaskUtil.php on line 207
[26-Mar-2026 12:41:52 America/Lima] PHP Deprecated:  Implicit conversion from float 13.666666666666668 to int loses precision in C:\laragon\www\well-known\utils\lib\vendor\bacon\bacon-qr-code\src\Encoder\MaskUtil.php on line 207
[26-Mar-2026 12:41:52 America/Lima] PHP Deprecated:  Implicit conversion from float 14.666666666666668 to int loses precision in C:\laragon\www\well-known\utils\lib\vendor\bacon\bacon-qr-code\src\Encoder\MaskUtil.php on line 207
[26-Mar-2026 12:41:52 America/Lima] PHP Deprecated:  Implicit conversion from float 14.666666666666668 to int loses precision in C:\laragon\www\well-known\utils\lib\vendor\bacon\bacon-qr-code\src\Encoder\MaskUtil.php on line 207
[26-Mar-2026 12:41:52 America/Lima] PHP Deprecated:  Implicit conversion from float 15.666666666666668 to int loses precision in C:\laragon\www\well-known\utils\lib\vendor\bacon\bacon-qr-code\src\Encoder\MaskUtil.php on line 207
[26-Mar-2026 12:41:52 America/Lima] PHP Deprecated:  Implicit conversion from float 15.333333333333332 to int loses precision in C:\laragon\www\well-known\utils\lib\vendor\bacon\bacon-qr-code\src\Encoder\MaskUtil.php on line 207
[26-Mar-2026 12:41:52 America/Lima] PHP Deprecated:  Implicit conversion from float 14.333333333333332 to int loses precision in C:\laragon\www\well-known\utils\lib\vendor\bacon\bacon-qr-code\src\Encoder\MaskUtil.php on line 207
[26-Mar-2026 12:41:52 America/Lima] PHP Deprecated:  Implicit conversion from float 14.333333333333332 to int loses precision in C:\laragon\www\well-known\utils\lib\vendor\bacon\bacon-qr-code\src\Encoder\MaskUtil.php on line 207
[26-Mar-2026 12:41:52 America/Lima] PHP Deprecated:  Implicit conversion from float 13.333333333333332 to int loses precision in C:\laragon\www\well-known\utils\lib\vendor\bacon\bacon-qr-code\src\Encoder\MaskUtil.php on line 207
[26-Mar-2026 12:41:52 America/Lima] PHP Deprecated:  Implicit conversion from float 13.333333333333332 to int loses precision in C:\laragon\www\well-known\utils\lib\vendor\bacon\bacon-qr-code\src\Encoder\MaskUtil.php on line 207
[26-Mar-2026 12:41:52 America/Lima] PHP Deprecated:  Implicit conversion from float 12.333333333333332 to int loses precision in C:\laragon\www\well-known\utils\lib\vendor\bacon\bacon-qr-code\src\Encoder\MaskUtil.php on line 207
[26-Mar-2026 12:41:52 America/Lima] PHP Deprecated:  Implicit conversion from float 12.333333333333332 to int loses precision in C:\laragon\www\well-known\utils\lib\vendor\bacon\bacon-qr-code\src\Encoder\MaskUtil.php on line 207
[26-Mar-2026 12:41:52 America/Lima] PHP Deprecated:  Implicit conversion from float 11.333333333333332 to int loses precision in C:\laragon\www\well-known\utils\lib\vendor\bacon\bacon-qr-code\src\Encoder\MaskUtil.php on line 207
[26-Mar-2026 12:41:52 America/Lima] PHP Deprecated:  Implicit conversion from float 11.333333333333332 to int loses precision in C:\laragon\www\well-known\utils\lib\vendor\bacon\bacon-qr-code\src\Encoder\MaskUtil.php on line 207
[26-Mar-2026 12:41:52 America/Lima] PHP Deprecated:  Implicit conversion from float 10.333333333333332 to int loses precision in C:\laragon\www\well-known\utils\lib\vendor\bacon\bacon-qr-code\src\Encoder\MaskUtil.php on line 207
[26-Mar-2026 12:41:52 America/Lima] PHP Deprecated:  Implicit conversion from float 10.333333333333332 to int loses precision in C:\laragon\www\well-known\utils\lib\vendor\bacon\bacon-qr-code\src\Encoder\MaskUtil.php on line 207
[26-Mar-2026 12:41:52 America/Lima] PHP Deprecated:  Implicit conversion from float 9.333333333333332 to int loses precision in C:\laragon\www\well-known\utils\lib\vendor\bacon\bacon-qr-code\src\Encoder\MaskUtil.php on line 207
[26-Mar-2026 12:41:52 America/Lima] PHP Deprecated:  Implicit conversion from float 8.666666666666668 to int loses precision in C:\laragon\www\well-known\utils\lib\vendor\bacon\bacon-qr-code\src\Encoder\MaskUtil.php on line 207
[26-Mar-2026 12:41:52 America/Lima] PHP Deprecated:  Implicit conversion from float 8.333333333333332 to int loses precision in C:\laragon\www\well-known\utils\lib\vendor\bacon\bacon-qr-code\src\Encoder\MaskUtil.php on line 207
[26-Mar-2026 12:41:52 America/Lima] PHP Deprecated:  Implicit conversion from float 9.666666666666668 to int loses precision in C:\laragon\www\well-known\utils\lib\vendor\bacon\bacon-qr-code\src\Encoder\MaskUtil.php on line 207
[26-Mar-2026 12:41:52 America/Lima] PHP Deprecated:  Implicit conversion from float 9.333333333333332 to int loses precision in C:\laragon\www\well-known\utils\lib\vendor\bacon\bacon-qr-code\src\Encoder\MaskUtil.php on line 207
[26-Mar-2026 12:41:52 America/Lima] PHP Deprecated:  Implicit conversion from float 9.666666666666668 to int loses precision in C:\laragon\www\well-known\utils\lib\vendor\bacon\bacon-qr-code\src\Encoder\MaskUtil.php on line 207
[26-Mar-2026 12:41:52 America/Lima] PHP Deprecated:  Implicit conversion from float 9.333333333333332 to int loses precision in C:\laragon\www\well-known\utils\lib\vendor\bacon\bacon-qr-code\src\Encoder\MaskUtil.php on line 207
[26-Mar-2026 12:41:52 America/Lima] PHP Deprecated:  Implicit conversion from float 10.666666666666668 to int loses precision in C:\laragon\www\well-known\utils\lib\vendor\bacon\bacon-qr-code\src\Encoder\MaskUtil.php on line 207
[26-Mar-2026 12:41:52 America/Lima] PHP Deprecated:  Implicit conversion from float 10.333333333333332 to int loses precision in C:\laragon\www\well-known\utils\lib\vendor\bacon\bacon-qr-code\src\Encoder\MaskUtil.php on line 207
[26-Mar-2026 12:41:52 America/Lima] PHP Deprecated:  Implicit conversion from float 10.666666666666668 to int loses precision in C:\laragon\www\well-known\utils\lib\vendor\bacon\bacon-qr-code\src\Encoder\MaskUtil.php on line 207
[26-Mar-2026 12:41:52 America/Lima] PHP Deprecated:  Implicit conversion from float 10.333333333333332 to int loses precision in C:\laragon\www\well-known\utils\lib\vendor\bacon\bacon-qr-code\src\Encoder\MaskUtil.php on line 207
[26-Mar-2026 12:41:52 America/Lima] PHP Deprecated:  Implicit conversion from float 11.666666666666668 to int loses precision in C:\laragon\www\well-known\utils\lib\vendor\bacon\bacon-qr-code\src\Encoder\MaskUtil.php on line 207
[26-Mar-2026 12:41:52 America/Lima] PHP Deprecated:  Implicit conversion from float 11.333333333333332 to int loses precision in C:\laragon\www\well-known\utils\lib\vendor\bacon\bacon-qr-code\src\Encoder\MaskUtil.php on line 207
[26-Mar-2026 12:41:52 America/Lima] PHP Deprecated:  Implicit conversion from float 11.666666666666668 to int loses precision in C:\laragon\www\well-known\utils\lib\vendor\bacon\bacon-qr-code\src\Encoder\MaskUtil.php on line 207
[26-Mar-2026 12:41:52 America/Lima] PHP Deprecated:  Implicit conversion from float 11.333333333333332 to int loses precision in C:\laragon\www\well-known\utils\lib\vendor\bacon\bacon-qr-code\src\Encoder\MaskUtil.php on line 207
[26-Mar-2026 12:41:52 America/Lima] PHP Deprecated:  Implicit conversion from float 12.666666666666668 to int loses precision in C:\laragon\www\well-known\utils\lib\vendor\bacon\bacon-qr-code\src\Encoder\MaskUtil.php on line 207
[26-Mar-2026 12:41:52 America/Lima] PHP Deprecated:  Implicit conversion from float 12.333333333333332 to int loses precision in C:\laragon\www\well-known\utils\lib\vendor\bacon\bacon-qr-code\src\Encoder\MaskUtil.php on line 207
[26-Mar-2026 12:41:52 America/Lima] PHP Deprecated:  Implicit conversion from float 12.666666666666668 to int loses precision in C:\laragon\www\well-known\utils\lib\vendor\bacon\bacon-qr-code\src\Encoder\MaskUtil.php on line 207
[26-Mar-2026 12:41:52 America/Lima] PHP Deprecated:  Implicit conversion from float 12.333333333333332 to int loses precision in C:\laragon\www\well-known\utils\lib\vendor\bacon\bacon-qr-code\src\Encoder\MaskUtil.php on line 207
[26-Mar-2026 12:41:52 America/Lima] PHP Deprecated:  Implicit conversion from float 13.666666666666668 to int loses precision in C:\laragon\www\well-known\utils\lib\vendor\bacon\bacon-qr-code\src\Encoder\MaskUtil.php on line 207
[26-Mar-2026 12:41:52 America/Lima] PHP Deprecated:  Implicit conversion from float 13.333333333333332 to int loses precision in C:\laragon\www\well-known\utils\lib\vendor\bacon\bacon-qr-code\src\Encoder\MaskUtil.php on line 207
[26-Mar-2026 12:41:52 America/Lima] PHP Deprecated:  Implicit conversion from float 13.666666666666668 to int loses precision in C:\laragon\www\well-known\utils\lib\vendor\bacon\bacon-qr-code\src\Encoder\MaskUtil.php on line 207
[26-Mar-2026 12:41:52 America/Lima] PHP Deprecated:  Implicit conversion from float 13.333333333333332 to int loses precision in C:\laragon\www\well-known\utils\lib\vendor\bacon\bacon-qr-code\src\Encoder\MaskUtil.php on line 207
[26-Mar-2026 12:41:52 America/Lima] PHP Deprecated:  Implicit conversion from float 14.666666666666668 to int loses precision in C:\laragon\www\well-known\utils\lib\vendor\bacon\bacon-qr-code\src\Encoder\MaskUtil.php on line 207
[26-Mar-2026 12:41:52 America/Lima] PHP Deprecated:  Implicit conversion from float 14.333333333333332 to int loses precision in C:\laragon\www\well-known\utils\lib\vendor\bacon\bacon-qr-code\src\Encoder\MaskUtil.php on line 207
[26-Mar-2026 12:41:52 America/Lima] PHP Deprecated:  Implicit conversion from float 13.666666666666666 to int loses precision in C:\laragon\www\well-known\utils\lib\vendor\bacon\bacon-qr-code\src\Encoder\MaskUtil.php on line 207
[26-Mar-2026 12:41:52 America/Lima] PHP Deprecated:  Implicit conversion from float 12.666666666666666 to int loses precision in C:\laragon\www\well-known\utils\lib\vendor\bacon\bacon-qr-code\src\Encoder\MaskUtil.php on line 207
[26-Mar-2026 12:41:52 America/Lima] PHP Deprecated:  Implicit conversion from float 12.666666666666666 to int loses precision in C:\laragon\www\well-known\utils\lib\vendor\bacon\bacon-qr-code\src\Encoder\MaskUtil.php on line 207
[26-Mar-2026 12:41:52 America/Lima] PHP Deprecated:  Implicit conversion from float 11.666666666666666 to int loses precision in C:\laragon\www\well-known\utils\lib\vendor\bacon\bacon-qr-code\src\Encoder\MaskUtil.php on line 207
[26-Mar-2026 12:41:52 America/Lima] PHP Deprecated:  Implicit conversion from float 11.666666666666666 to int loses precision in C:\laragon\www\well-known\utils\lib\vendor\bacon\bacon-qr-code\src\Encoder\MaskUtil.php on line 207
[26-Mar-2026 12:41:52 America/Lima] PHP Deprecated:  Implicit conversion from float 10.666666666666666 to int loses precision in C:\laragon\www\well-known\utils\lib\vendor\bacon\bacon-qr-code\src\Encoder\MaskUtil.php on line 207
[26-Mar-2026 12:41:52 America/Lima] PHP Deprecated:  Implicit conversion from float 10.666666666666666 to int loses precision in C:\laragon\www\well-known\utils\lib\vendor\bacon\bacon-qr-code\src\Encoder\MaskUtil.php on line 207
[26-Mar-2026 12:41:52 America/Lima] PHP Deprecated:  Implicit conversion from float 9.666666666666666 to int loses precision in C:\laragon\www\well-known\utils\lib\vendor\bacon\bacon-qr-code\src\Encoder\MaskUtil.php on line 207
[26-Mar-2026 12:41:52 America/Lima] PHP Deprecated:  Implicit conversion from float 9.666666666666666 to int loses precision in C:\laragon\www\well-known\utils\lib\vendor\bacon\bacon-qr-code\src\Encoder\MaskUtil.php on line 207
[26-Mar-2026 12:41:52 America/Lima] PHP Deprecated:  Implicit conversion from float 8.666666666666666 to int loses precision in C:\laragon\www\well-known\utils\lib\vendor\bacon\bacon-qr-code\src\Encoder\MaskUtil.php on line 207
[26-Mar-2026 12:41:52 America/Lima] PHP Deprecated:  Implicit conversion from float 8.666666666666666 to int loses precision in C:\laragon\www\well-known\utils\lib\vendor\bacon\bacon-qr-code\src\Encoder\MaskUtil.php on line 207
[26-Mar-2026 12:41:52 America/Lima] PHP Deprecated:  Implicit conversion from float 7.666666666666666 to int loses precision in C:\laragon\www\well-known\utils\lib\vendor\bacon\bacon-qr-code\src\Encoder\MaskUtil.php on line 207
[26-Mar-2026 12:41:52 America/Lima] PHP Deprecated:  Implicit conversion from float 7.666666666666666 to int loses precision in C:\laragon\www\well-known\utils\lib\vendor\bacon\bacon-qr-code\src\Encoder\MaskUtil.php on line 207
[26-Mar-2026 12:41:52 America/Lima] PHP Deprecated:  Implicit conversion from float 6.666666666666666 to int loses precision in C:\laragon\www\well-known\utils\lib\vendor\bacon\bacon-qr-code\src\Encoder\MaskUtil.php on line 207
[26-Mar-2026 12:41:52 America/Lima] PHP Deprecated:  Implicit conversion from float 5.666666666666666 to int loses precision in C:\laragon\www\well-known\utils\lib\vendor\bacon\bacon-qr-code\src\Encoder\MaskUtil.php on line 207
[26-Mar-2026 12:41:52 America/Lima] PHP Deprecated:  Implicit conversion from float 5.666666666666666 to int loses precision in C:\laragon\www\well-known\utils\lib\vendor\bacon\bacon-qr-code\src\Encoder\MaskUtil.php on line 207
[26-Mar-2026 12:41:52 America/Lima] PHP Deprecated:  Implicit conversion from float 4.666666666666666 to int loses precision in C:\laragon\www\well-known\utils\lib\vendor\bacon\bacon-qr-code\src\Encoder\MaskUtil.php on line 207
[26-Mar-2026 12:41:52 America/Lima] PHP Deprecated:  Implicit conversion from float 4.666666666666666 to int loses precision in C:\laragon\www\well-known\utils\lib\vendor\bacon\bacon-qr-code\src\Encoder\MaskUtil.php on line 207
[26-Mar-2026 12:41:52 America/Lima] PHP Deprecated:  Implicit conversion from float 3.6666666666666665 to int loses precision in C:\laragon\www\well-known\utils\lib\vendor\bacon\bacon-qr-code\src\Encoder\MaskUtil.php on line 207
[26-Mar-2026 12:41:52 America/Lima] PHP Deprecated:  Implicit conversion from float 3.6666666666666665 to int loses precision in C:\laragon\www\well-known\utils\lib\vendor\bacon\bacon-qr-code\src\Encoder\MaskUtil.php on line 207
[26-Mar-2026 12:41:52 America/Lima] PHP Deprecated:  Implicit conversion from float 3.3333333333333335 to int loses precision in C:\laragon\www\well-known\utils\lib\vendor\bacon\bacon-qr-code\src\Encoder\MaskUtil.php on line 207
[26-Mar-2026 12:41:52 America/Lima] PHP Deprecated:  Implicit conversion from float 3.3333333333333335 to int loses precision in C:\laragon\www\well-known\utils\lib\vendor\bacon\bacon-qr-code\src\Encoder\MaskUtil.php on line 207
[26-Mar-2026 12:41:52 America/Lima] PHP Deprecated:  Implicit conversion from float 4.333333333333334 to int loses precision in C:\laragon\www\well-known\utils\lib\vendor\bacon\bacon-qr-code\src\Encoder\MaskUtil.php on line 207
[26-Mar-2026 12:41:52 America/Lima] PHP Deprecated:  Implicit conversion from float 4.333333333333334 to int loses precision in C:\laragon\www\well-known\utils\lib\vendor\bacon\bacon-qr-code\src\Encoder\MaskUtil.php on line 207
[26-Mar-2026 12:41:52 America/Lima] PHP Deprecated:  Implicit conversion from float 5.333333333333334 to int loses precision in C:\laragon\www\well-known\utils\lib\vendor\bacon\bacon-qr-code\src\Encoder\MaskUtil.php on line 207
[26-Mar-2026 12:41:52 America/Lima] PHP Deprecated:  Implicit conversion from float 5.333333333333334 to int loses precision in C:\laragon\www\well-known\utils\lib\vendor\bacon\bacon-qr-code\src\Encoder\MaskUtil.php on line 207
[26-Mar-2026 12:41:52 America/Lima] PHP Deprecated:  Implicit conversion from float 6.333333333333334 to int loses precision in C:\laragon\www\well-known\utils\lib\vendor\bacon\bacon-qr-code\src\Encoder\MaskUtil.php on line 207
[26-Mar-2026 12:41:52 America/Lima] PHP Deprecated:  Implicit conversion from float 7.333333333333334 to int loses precision in C:\laragon\www\well-known\utils\lib\vendor\bacon\bacon-qr-code\src\Encoder\MaskUtil.php on line 207
[26-Mar-2026 12:41:52 America/Lima] PHP Deprecated:  Implicit conversion from float 7.333333333333334 to int loses precision in C:\laragon\www\well-known\utils\lib\vendor\bacon\bacon-qr-code\src\Encoder\MaskUtil.php on line 207
[26-Mar-2026 12:41:52 America/Lima] PHP Deprecated:  Implicit conversion from float 8.333333333333334 to int loses precision in C:\laragon\www\well-known\utils\lib\vendor\bacon\bacon-qr-code\src\Encoder\MaskUtil.php on line 207
[26-Mar-2026 12:41:52 America/Lima] PHP Deprecated:  Implicit conversion from float 8.333333333333334 to int loses precision in C:\laragon\www\well-known\utils\lib\vendor\bacon\bacon-qr-code\src\Encoder\MaskUtil.php on line 207
[26-Mar-2026 12:41:52 America/Lima] PHP Deprecated:  Implicit conversion from float 9.333333333333334 to int loses precision in C:\laragon\www\well-known\utils\lib\vendor\bacon\bacon-qr-code\src\Encoder\MaskUtil.php on line 207
[26-Mar-2026 12:41:52 America/Lima] PHP Deprecated:  Implicit conversion from float 9.333333333333334 to int loses precision in C:\laragon\www\well-known\utils\lib\vendor\bacon\bacon-qr-code\src\Encoder\MaskUtil.php on line 207
[26-Mar-2026 12:41:52 America/Lima] PHP Deprecated:  Implicit conversion from float 10.333333333333334 to int loses precision in C:\laragon\www\well-known\utils\lib\vendor\bacon\bacon-qr-code\src\Encoder\MaskUtil.php on line 207
[26-Mar-2026 12:41:52 America/Lima] PHP Deprecated:  Implicit conversion from float 10.333333333333334 to int loses precision in C:\laragon\www\well-known\utils\lib\vendor\bacon\bacon-qr-code\src\Encoder\MaskUtil.php on line 207
[26-Mar-2026 12:41:52 America/Lima] PHP Deprecated:  Implicit conversion from float 11.333333333333334 to int loses precision in C:\laragon\www\well-known\utils\lib\vendor\bacon\bacon-qr-code\src\Encoder\MaskUtil.php on line 207
[26-Mar-2026 12:41:52 America/Lima] PHP Deprecated:  Implicit conversion from float 11.333333333333334 to int loses precision in C:\laragon\www\well-known\utils\lib\vendor\bacon\bacon-qr-code\src\Encoder\MaskUtil.php on line 207
[26-Mar-2026 12:41:52 America/Lima] PHP Deprecated:  Implicit conversion from float 12.333333333333334 to int loses precision in C:\laragon\www\well-known\utils\lib\vendor\bacon\bacon-qr-code\src\Encoder\MaskUtil.php on line 207
[26-Mar-2026 12:41:52 America/Lima] PHP Deprecated:  Implicit conversion from float 12.333333333333334 to int loses precision in C:\laragon\www\well-known\utils\lib\vendor\bacon\bacon-qr-code\src\Encoder\MaskUtil.php on line 207
[26-Mar-2026 12:41:52 America/Lima] PHP Deprecated:  Implicit conversion from float 13.333333333333334 to int loses precision in C:\laragon\www\well-known\utils\lib\vendor\bacon\bacon-qr-code\src\Encoder\MaskUtil.php on line 207
[26-Mar-2026 12:41:52 America/Lima] PHP Deprecated:  Implicit conversion from float 8.666666666666666 to int loses precision in C:\laragon\www\well-known\utils\lib\vendor\bacon\bacon-qr-code\src\Encoder\MaskUtil.php on line 207
[26-Mar-2026 12:41:52 America/Lima] PHP Deprecated:  Implicit conversion from float 8.333333333333334 to int loses precision in C:\laragon\www\well-known\utils\lib\vendor\bacon\bacon-qr-code\src\Encoder\MaskUtil.php on line 207
[26-Mar-2026 12:41:52 America/Lima] PHP Deprecated:  Implicit conversion from float 7.666666666666666 to int loses precision in C:\laragon\www\well-known\utils\lib\vendor\bacon\bacon-qr-code\src\Encoder\MaskUtil.php on line 207
[26-Mar-2026 12:41:52 America/Lima] PHP Deprecated:  Implicit conversion from float 7.333333333333334 to int loses precision in C:\laragon\www\well-known\utils\lib\vendor\bacon\bacon-qr-code\src\Encoder\MaskUtil.php on line 207
[26-Mar-2026 12:41:52 America/Lima] PHP Deprecated:  Implicit conversion from float 7.666666666666666 to int loses precision in C:\laragon\www\well-known\utils\lib\vendor\bacon\bacon-qr-code\src\Encoder\MaskUtil.php on line 207
[26-Mar-2026 12:41:52 America/Lima] PHP Deprecated:  Implicit conversion from float 7.333333333333334 to int loses precision in C:\laragon\www\well-known\utils\lib\vendor\bacon\bacon-qr-code\src\Encoder\MaskUtil.php on line 207
[26-Mar-2026 12:41:52 America/Lima] PHP Deprecated:  Implicit conversion from float 6.666666666666666 to int loses precision in C:\laragon\www\well-known\utils\lib\vendor\bacon\bacon-qr-code\src\Encoder\MaskUtil.php on line 207
[26-Mar-2026 12:41:52 America/Lima] PHP Deprecated:  Implicit conversion from float 6.333333333333334 to int loses precision in C:\laragon\www\well-known\utils\lib\vendor\bacon\bacon-qr-code\src\Encoder\MaskUtil.php on line 207
[26-Mar-2026 12:41:52 America/Lima] PHP Deprecated:  Implicit conversion from float 5.666666666666667 to int loses precision in C:\laragon\www\well-known\utils\lib\vendor\bacon\bacon-qr-code\src\Encoder\MaskUtil.php on line 207
[26-Mar-2026 12:41:52 America/Lima] PHP Deprecated:  Implicit conversion from float 5.333333333333333 to int loses precision in C:\laragon\www\well-known\utils\lib\vendor\bacon\bacon-qr-code\src\Encoder\MaskUtil.php on line 207
[26-Mar-2026 12:41:52 America/Lima] PHP Deprecated:  Implicit conversion from float 6.666666666666667 to int loses precision in C:\laragon\www\well-known\utils\lib\vendor\bacon\bacon-qr-code\src\Encoder\MaskUtil.php on line 207
[26-Mar-2026 12:41:52 America/Lima] PHP Deprecated:  Implicit conversion from float 6.333333333333333 to int loses precision in C:\laragon\www\well-known\utils\lib\vendor\bacon\bacon-qr-code\src\Encoder\MaskUtil.php on line 207
[26-Mar-2026 12:41:52 America/Lima] PHP Deprecated:  Implicit conversion from float 6.666666666666667 to int loses precision in C:\laragon\www\well-known\utils\lib\vendor\bacon\bacon-qr-code\src\Encoder\MaskUtil.php on line 207
[26-Mar-2026 12:41:52 America/Lima] PHP Deprecated:  Implicit conversion from float 6.333333333333333 to int loses precision in C:\laragon\www\well-known\utils\lib\vendor\bacon\bacon-qr-code\src\Encoder\MaskUtil.php on line 207
[26-Mar-2026 12:41:52 America/Lima] PHP Deprecated:  Implicit conversion from float 7.666666666666667 to int loses precision in C:\laragon\www\well-known\utils\lib\vendor\bacon\bacon-qr-code\src\Encoder\MaskUtil.php on line 207
[26-Mar-2026 12:41:52 America/Lima] PHP Deprecated:  Implicit conversion from float 7.333333333333333 to int loses precision in C:\laragon\www\well-known\utils\lib\vendor\bacon\bacon-qr-code\src\Encoder\MaskUtil.php on line 207
[26-Mar-2026 12:41:52 America/Lima] PHP Deprecated:  Implicit conversion from float 6.666666666666667 to int loses precision in C:\laragon\www\well-known\utils\lib\vendor\bacon\bacon-qr-code\src\Encoder\MaskUtil.php on line 207
[26-Mar-2026 12:41:52 America/Lima] PHP Deprecated:  Implicit conversion from float 5.666666666666667 to int loses precision in C:\laragon\www\well-known\utils\lib\vendor\bacon\bacon-qr-code\src\Encoder\MaskUtil.php on line 207
[26-Mar-2026 12:41:52 America/Lima] PHP Deprecated:  Implicit conversion from float 5.666666666666667 to int loses precision in C:\laragon\www\well-known\utils\lib\vendor\bacon\bacon-qr-code\src\Encoder\MaskUtil.php on line 207
[26-Mar-2026 12:41:52 America/Lima] PHP Deprecated:  Implicit conversion from float 4.666666666666667 to int loses precision in C:\laragon\www\well-known\utils\lib\vendor\bacon\bacon-qr-code\src\Encoder\MaskUtil.php on line 207
[26-Mar-2026 12:41:52 America/Lima] PHP Deprecated:  Implicit conversion from float 4.333333333333333 to int loses precision in C:\laragon\www\well-known\utils\lib\vendor\bacon\bacon-qr-code\src\Encoder\MaskUtil.php on line 207
[26-Mar-2026 12:41:52 America/Lima] PHP Deprecated:  Implicit conversion from float 5.333333333333333 to int loses precision in C:\laragon\www\well-known\utils\lib\vendor\bacon\bacon-qr-code\src\Encoder\MaskUtil.php on line 207
[26-Mar-2026 12:41:52 America/Lima] PHP Deprecated:  Implicit conversion from float 5.333333333333333 to int loses precision in C:\laragon\www\well-known\utils\lib\vendor\bacon\bacon-qr-code\src\Encoder\MaskUtil.php on line 207
[26-Mar-2026 12:41:52 America/Lima] PHP Deprecated:  Implicit conversion from float 6.333333333333333 to int loses precision in C:\laragon\www\well-known\utils\lib\vendor\bacon\bacon-qr-code\src\Encoder\MaskUtil.php on line 207
[26-Mar-2026 12:41:55 America/Lima] PHP Deprecated:  Return type of MyCLabs\Enum\Enum::jsonSerialize() should either be compatible with JsonSerializable::jsonSerialize(): mixed, or the #[\ReturnTypeWillChange] attribute should be used to temporarily suppress the notice in C:\laragon\www\well-known\utils\lib\vendor\myclabs\php-enum\src\Enum.php on line 235
[26-Mar-2026 12:41:55 America/Lima] PHP Warning:  Private methods cannot be final as they are never overridden by other classes in C:\laragon\www\well-known\utils\lib\vendor\dasprid\enum\src\AbstractEnum.php on line 88
[26-Mar-2026 12:41:55 America/Lima] PHP Warning:  Private methods cannot be final as they are never overridden by other classes in C:\laragon\www\well-known\utils\lib\vendor\dasprid\enum\src\AbstractEnum.php on line 128
[26-Mar-2026 12:41:55 America/Lima] PHP Deprecated:  Implicit conversion from float 16.666666666666668 to int loses precision in C:\laragon\www\well-known\utils\lib\vendor\bacon\bacon-qr-code\src\Encoder\MaskUtil.php on line 207
[26-Mar-2026 12:41:55 America/Lima] PHP Deprecated:  Implicit conversion from float 16.333333333333332 to int loses precision in C:\laragon\www\well-known\utils\lib\vendor\bacon\bacon-qr-code\src\Encoder\MaskUtil.php on line 207
[26-Mar-2026 12:41:55 America/Lima] PHP Deprecated:  Implicit conversion from float 15.666666666666668 to int loses precision in C:\laragon\www\well-known\utils\lib\vendor\bacon\bacon-qr-code\src\Encoder\MaskUtil.php on line 207
[26-Mar-2026 12:41:55 America/Lima] PHP Deprecated:  Implicit conversion from float 15.333333333333332 to int loses precision in C:\laragon\www\well-known\utils\lib\vendor\bacon\bacon-qr-code\src\Encoder\MaskUtil.php on line 207
[26-Mar-2026 12:41:55 America/Lima] PHP Deprecated:  Implicit conversion from float 15.666666666666668 to int loses precision in C:\laragon\www\well-known\utils\lib\vendor\bacon\bacon-qr-code\src\Encoder\MaskUtil.php on line 207
[26-Mar-2026 12:41:55 America/Lima] PHP Deprecated:  Implicit conversion from float 15.333333333333332 to int loses precision in C:\laragon\www\well-known\utils\lib\vendor\bacon\bacon-qr-code\src\Encoder\MaskUtil.php on line 207
[26-Mar-2026 12:41:55 America/Lima] PHP Deprecated:  Implicit conversion from float 14.666666666666668 to int loses precision in C:\laragon\www\well-known\utils\lib\vendor\bacon\bacon-qr-code\src\Encoder\MaskUtil.php on line 207
[26-Mar-2026 12:41:55 America/Lima] PHP Deprecated:  Implicit conversion from float 14.333333333333332 to int loses precision in C:\laragon\www\well-known\utils\lib\vendor\bacon\bacon-qr-code\src\Encoder\MaskUtil.php on line 207
[26-Mar-2026 12:41:55 America/Lima] PHP Deprecated:  Implicit conversion from float 14.666666666666668 to int loses precision in C:\laragon\www\well-known\utils\lib\vendor\bacon\bacon-qr-code\src\Encoder\MaskUtil.php on line 207
[26-Mar-2026 12:41:55 America/Lima] PHP Deprecated:  Implicit conversion from float 14.333333333333332 to int loses precision in C:\laragon\www\well-known\utils\lib\vendor\bacon\bacon-qr-code\src\Encoder\MaskUtil.php on line 207
[26-Mar-2026 12:41:55 America/Lima] PHP Deprecated:  Implicit conversion from float 13.666666666666668 to int loses precision in C:\laragon\www\well-known\utils\lib\vendor\bacon\bacon-qr-code\src\Encoder\MaskUtil.php on line 207
[26-Mar-2026 12:41:55 America/Lima] PHP Deprecated:  Implicit conversion from float 13.333333333333332 to int loses precision in C:\laragon\www\well-known\utils\lib\vendor\bacon\bacon-qr-code\src\Encoder\MaskUtil.php on line 207
[26-Mar-2026 12:41:55 America/Lima] PHP Deprecated:  Implicit conversion from float 13.666666666666668 to int loses precision in C:\laragon\www\well-known\utils\lib\vendor\bacon\bacon-qr-code\src\Encoder\MaskUtil.php on line 207
[26-Mar-2026 12:41:55 America/Lima] PHP Deprecated:  Implicit conversion from float 13.333333333333332 to int loses precision in C:\laragon\www\well-known\utils\lib\vendor\bacon\bacon-qr-code\src\Encoder\MaskUtil.php on line 207
[26-Mar-2026 12:41:55 America/Lima] PHP Deprecated:  Implicit conversion from float 12.666666666666668 to int loses precision in C:\laragon\www\well-known\utils\lib\vendor\bacon\bacon-qr-code\src\Encoder\MaskUtil.php on line 207
[26-Mar-2026 12:41:55 America/Lima] PHP Deprecated:  Implicit conversion from float 12.333333333333332 to int loses precision in C:\laragon\www\well-known\utils\lib\vendor\bacon\bacon-qr-code\src\Encoder\MaskUtil.php on line 207
[26-Mar-2026 12:41:55 America/Lima] PHP Deprecated:  Implicit conversion from float 12.666666666666668 to int loses precision in C:\laragon\www\well-known\utils\lib\vendor\bacon\bacon-qr-code\src\Encoder\MaskUtil.php on line 207
[26-Mar-2026 12:41:55 America/Lima] PHP Deprecated:  Implicit conversion from float 12.333333333333332 to int loses precision in C:\laragon\www\well-known\utils\lib\vendor\bacon\bacon-qr-code\src\Encoder\MaskUtil.php on line 207
[26-Mar-2026 12:41:55 America/Lima] PHP Deprecated:  Implicit conversion from float 11.666666666666668 to int loses precision in C:\laragon\www\well-known\utils\lib\vendor\bacon\bacon-qr-code\src\Encoder\MaskUtil.php on line 207
[26-Mar-2026 12:41:55 America/Lima] PHP Deprecated:  Implicit conversion from float 11.333333333333332 to int loses precision in C:\laragon\www\well-known\utils\lib\vendor\bacon\bacon-qr-code\src\Encoder\MaskUtil.php on line 207
[26-Mar-2026 12:41:55 America/Lima] PHP Deprecated:  Implicit conversion from float 11.666666666666668 to int loses precision in C:\laragon\www\well-known\utils\lib\vendor\bacon\bacon-qr-code\src\Encoder\MaskUtil.php on line 207
[26-Mar-2026 12:41:55 America/Lima] PHP Deprecated:  Implicit conversion from float 11.333333333333332 to int loses precision in C:\laragon\www\well-known\utils\lib\vendor\bacon\bacon-qr-code\src\Encoder\MaskUtil.php on line 207
[26-Mar-2026 12:41:55 America/Lima] PHP Deprecated:  Implicit conversion from float 10.666666666666668 to int loses precision in C:\laragon\www\well-known\utils\lib\vendor\bacon\bacon-qr-code\src\Encoder\MaskUtil.php on line 207
[26-Mar-2026 12:41:55 America/Lima] PHP Deprecated:  Implicit conversion from float 10.333333333333332 to int loses precision in C:\laragon\www\well-known\utils\lib\vendor\bacon\bacon-qr-code\src\Encoder\MaskUtil.php on line 207
[26-Mar-2026 12:41:55 America/Lima] PHP Deprecated:  Implicit conversion from float 9.666666666666668 to int loses precision in C:\laragon\www\well-known\utils\lib\vendor\bacon\bacon-qr-code\src\Encoder\MaskUtil.php on line 207
[26-Mar-2026 12:41:55 America/Lima] PHP Deprecated:  Implicit conversion from float 10.666666666666668 to int loses precision in C:\laragon\www\well-known\utils\lib\vendor\bacon\bacon-qr-code\src\Encoder\MaskUtil.php on line 207
[26-Mar-2026 12:41:55 America/Lima] PHP Deprecated:  Implicit conversion from float 10.666666666666668 to int loses precision in C:\laragon\www\well-known\utils\lib\vendor\bacon\bacon-qr-code\src\Encoder\MaskUtil.php on line 207
[26-Mar-2026 12:41:55 America/Lima] PHP Deprecated:  Implicit conversion from float 11.666666666666668 to int loses precision in C:\laragon\www\well-known\utils\lib\vendor\bacon\bacon-qr-code\src\Encoder\MaskUtil.php on line 207
[26-Mar-2026 12:41:55 America/Lima] PHP Deprecated:  Implicit conversion from float 11.666666666666668 to int loses precision in C:\laragon\www\well-known\utils\lib\vendor\bacon\bacon-qr-code\src\Encoder\MaskUtil.php on line 207
[26-Mar-2026 12:41:55 America/Lima] PHP Deprecated:  Implicit conversion from float 12.666666666666668 to int loses precision in C:\laragon\www\well-known\utils\lib\vendor\bacon\bacon-qr-code\src\Encoder\MaskUtil.php on line 207
[26-Mar-2026 12:41:55 America/Lima] PHP Deprecated:  Implicit conversion from float 12.666666666666668 to int loses precision in C:\laragon\www\well-known\utils\lib\vendor\bacon\bacon-qr-code\src\Encoder\MaskUtil.php on line 207
[26-Mar-2026 12:41:55 America/Lima] PHP Deprecated:  Implicit conversion from float 13.666666666666668 to int loses precision in C:\laragon\www\well-known\utils\lib\vendor\bacon\bacon-qr-code\src\Encoder\MaskUtil.php on line 207
[26-Mar-2026 12:41:55 America/Lima] PHP Deprecated:  Implicit conversion from float 13.666666666666668 to int loses precision in C:\laragon\www\well-known\utils\lib\vendor\bacon\bacon-qr-code\src\Encoder\MaskUtil.php on line 207
[26-Mar-2026 12:41:55 America/Lima] PHP Deprecated:  Implicit conversion from float 14.666666666666668 to int loses precision in C:\laragon\www\well-known\utils\lib\vendor\bacon\bacon-qr-code\src\Encoder\MaskUtil.php on line 207
[26-Mar-2026 12:41:55 America/Lima] PHP Deprecated:  Implicit conversion from float 14.666666666666668 to int loses precision in C:\laragon\www\well-known\utils\lib\vendor\bacon\bacon-qr-code\src\Encoder\MaskUtil.php on line 207
[26-Mar-2026 12:41:55 America/Lima] PHP Deprecated:  Implicit conversion from float 15.666666666666668 to int loses precision in C:\laragon\www\well-known\utils\lib\vendor\bacon\bacon-qr-code\src\Encoder\MaskUtil.php on line 207
[26-Mar-2026 12:41:55 America/Lima] PHP Deprecated:  Implicit conversion from float 15.333333333333332 to int loses precision in C:\laragon\www\well-known\utils\lib\vendor\bacon\bacon-qr-code\src\Encoder\MaskUtil.php on line 207
[26-Mar-2026 12:41:55 America/Lima] PHP Deprecated:  Implicit conversion from float 14.333333333333332 to int loses precision in C:\laragon\www\well-known\utils\lib\vendor\bacon\bacon-qr-code\src\Encoder\MaskUtil.php on line 207
[26-Mar-2026 12:41:55 America/Lima] PHP Deprecated:  Implicit conversion from float 14.333333333333332 to int loses precision in C:\laragon\www\well-known\utils\lib\vendor\bacon\bacon-qr-code\src\Encoder\MaskUtil.php on line 207
[26-Mar-2026 12:41:55 America/Lima] PHP Deprecated:  Implicit conversion from float 13.333333333333332 to int loses precision in C:\laragon\www\well-known\utils\lib\vendor\bacon\bacon-qr-code\src\Encoder\MaskUtil.php on line 207
[26-Mar-2026 12:41:55 America/Lima] PHP Deprecated:  Implicit conversion from float 13.333333333333332 to int loses precision in C:\laragon\www\well-known\utils\lib\vendor\bacon\bacon-qr-code\src\Encoder\MaskUtil.php on line 207
[26-Mar-2026 12:41:55 America/Lima] PHP Deprecated:  Implicit conversion from float 12.333333333333332 to int loses precision in C:\laragon\www\well-known\utils\lib\vendor\bacon\bacon-qr-code\src\Encoder\MaskUtil.php on line 207
[26-Mar-2026 12:41:55 America/Lima] PHP Deprecated:  Implicit conversion from float 12.333333333333332 to int loses precision in C:\laragon\www\well-known\utils\lib\vendor\bacon\bacon-qr-code\src\Encoder\MaskUtil.php on line 207
[26-Mar-2026 12:41:55 America/Lima] PHP Deprecated:  Implicit conversion from float 11.333333333333332 to int loses precision in C:\laragon\www\well-known\utils\lib\vendor\bacon\bacon-qr-code\src\Encoder\MaskUtil.php on line 207
[26-Mar-2026 12:41:55 America/Lima] PHP Deprecated:  Implicit conversion from float 11.333333333333332 to int loses precision in C:\laragon\www\well-known\utils\lib\vendor\bacon\bacon-qr-code\src\Encoder\MaskUtil.php on line 207
[26-Mar-2026 12:41:55 America/Lima] PHP Deprecated:  Implicit conversion from float 10.333333333333332 to int loses precision in C:\laragon\www\well-known\utils\lib\vendor\bacon\bacon-qr-code\src\Encoder\MaskUtil.php on line 207
[26-Mar-2026 12:41:55 America/Lima] PHP Deprecated:  Implicit conversion from float 10.333333333333332 to int loses precision in C:\laragon\www\well-known\utils\lib\vendor\bacon\bacon-qr-code\src\Encoder\MaskUtil.php on line 207
[26-Mar-2026 12:41:55 America/Lima] PHP Deprecated:  Implicit conversion from float 9.333333333333332 to int loses precision in C:\laragon\www\well-known\utils\lib\vendor\bacon\bacon-qr-code\src\Encoder\MaskUtil.php on line 207
[26-Mar-2026 12:41:55 America/Lima] PHP Deprecated:  Implicit conversion from float 8.666666666666668 to int loses precision in C:\laragon\www\well-known\utils\lib\vendor\bacon\bacon-qr-code\src\Encoder\MaskUtil.php on line 207
[26-Mar-2026 12:41:55 America/Lima] PHP Deprecated:  Implicit conversion from float 8.333333333333332 to int loses precision in C:\laragon\www\well-known\utils\lib\vendor\bacon\bacon-qr-code\src\Encoder\MaskUtil.php on line 207
[26-Mar-2026 12:41:55 America/Lima] PHP Deprecated:  Implicit conversion from float 9.666666666666668 to int loses precision in C:\laragon\www\well-known\utils\lib\vendor\bacon\bacon-qr-code\src\Encoder\MaskUtil.php on line 207
[26-Mar-2026 12:41:55 America/Lima] PHP Deprecated:  Implicit conversion from float 9.333333333333332 to int loses precision in C:\laragon\www\well-known\utils\lib\vendor\bacon\bacon-qr-code\src\Encoder\MaskUtil.php on line 207
[26-Mar-2026 12:41:55 America/Lima] PHP Deprecated:  Implicit conversion from float 9.666666666666668 to int loses precision in C:\laragon\www\well-known\utils\lib\vendor\bacon\bacon-qr-code\src\Encoder\MaskUtil.php on line 207
[26-Mar-2026 12:41:55 America/Lima] PHP Deprecated:  Implicit conversion from float 9.333333333333332 to int loses precision in C:\laragon\www\well-known\utils\lib\vendor\bacon\bacon-qr-code\src\Encoder\MaskUtil.php on line 207
[26-Mar-2026 12:41:55 America/Lima] PHP Deprecated:  Implicit conversion from float 10.666666666666668 to int loses precision in C:\laragon\www\well-known\utils\lib\vendor\bacon\bacon-qr-code\src\Encoder\MaskUtil.php on line 207
[26-Mar-2026 12:41:55 America/Lima] PHP Deprecated:  Implicit conversion from float 10.333333333333332 to int loses precision in C:\laragon\www\well-known\utils\lib\vendor\bacon\bacon-qr-code\src\Encoder\MaskUtil.php on line 207
[26-Mar-2026 12:41:55 America/Lima] PHP Deprecated:  Implicit conversion from float 10.666666666666668 to int loses precision in C:\laragon\www\well-known\utils\lib\vendor\bacon\bacon-qr-code\src\Encoder\MaskUtil.php on line 207
[26-Mar-2026 12:41:55 America/Lima] PHP Deprecated:  Implicit conversion from float 10.333333333333332 to int loses precision in C:\laragon\www\well-known\utils\lib\vendor\bacon\bacon-qr-code\src\Encoder\MaskUtil.php on line 207
[26-Mar-2026 12:41:55 America/Lima] PHP Deprecated:  Implicit conversion from float 11.666666666666668 to int loses precision in C:\laragon\www\well-known\utils\lib\vendor\bacon\bacon-qr-code\src\Encoder\MaskUtil.php on line 207
[26-Mar-2026 12:41:55 America/Lima] PHP Deprecated:  Implicit conversion from float 11.333333333333332 to int loses precision in C:\laragon\www\well-known\utils\lib\vendor\bacon\bacon-qr-code\src\Encoder\MaskUtil.php on line 207
[26-Mar-2026 12:41:55 America/Lima] PHP Deprecated:  Implicit conversion from float 11.666666666666668 to int loses precision in C:\laragon\www\well-known\utils\lib\vendor\bacon\bacon-qr-code\src\Encoder\MaskUtil.php on line 207
[26-Mar-2026 12:41:55 America/Lima] PHP Deprecated:  Implicit conversion from float 11.333333333333332 to int loses precision in C:\laragon\www\well-known\utils\lib\vendor\bacon\bacon-qr-code\src\Encoder\MaskUtil.php on line 207
[26-Mar-2026 12:41:55 America/Lima] PHP Deprecated:  Implicit conversion from float 12.666666666666668 to int loses precision in C:\laragon\www\well-known\utils\lib\vendor\bacon\bacon-qr-code\src\Encoder\MaskUtil.php on line 207
[26-Mar-2026 12:41:55 America/Lima] PHP Deprecated:  Implicit conversion from float 12.333333333333332 to int loses precision in C:\laragon\www\well-known\utils\lib\vendor\bacon\bacon-qr-code\src\Encoder\MaskUtil.php on line 207
[26-Mar-2026 12:41:55 America/Lima] PHP Deprecated:  Implicit conversion from float 12.666666666666668 to int loses precision in C:\laragon\www\well-known\utils\lib\vendor\bacon\bacon-qr-code\src\Encoder\MaskUtil.php on line 207
[26-Mar-2026 12:41:55 America/Lima] PHP Deprecated:  Implicit conversion from float 12.333333333333332 to int loses precision in C:\laragon\www\well-known\utils\lib\vendor\bacon\bacon-qr-code\src\Encoder\MaskUtil.php on line 207
[26-Mar-2026 12:41:55 America/Lima] PHP Deprecated:  Implicit conversion from float 13.666666666666668 to int loses precision in C:\laragon\www\well-known\utils\lib\vendor\bacon\bacon-qr-code\src\Encoder\MaskUtil.php on line 207
[26-Mar-2026 12:41:55 America/Lima] PHP Deprecated:  Implicit conversion from float 13.333333333333332 to int loses precision in C:\laragon\www\well-known\utils\lib\vendor\bacon\bacon-qr-code\src\Encoder\MaskUtil.php on line 207
[26-Mar-2026 12:41:55 America/Lima] PHP Deprecated:  Implicit conversion from float 13.666666666666668 to int loses precision in C:\laragon\www\well-known\utils\lib\vendor\bacon\bacon-qr-code\src\Encoder\MaskUtil.php on line 207
[26-Mar-2026 12:41:55 America/Lima] PHP Deprecated:  Implicit conversion from float 13.333333333333332 to int loses precision in C:\laragon\www\well-known\utils\lib\vendor\bacon\bacon-qr-code\src\Encoder\MaskUtil.php on line 207
[26-Mar-2026 12:41:55 America/Lima] PHP Deprecated:  Implicit conversion from float 14.666666666666668 to int loses precision in C:\laragon\www\well-known\utils\lib\vendor\bacon\bacon-qr-code\src\Encoder\MaskUtil.php on line 207
[26-Mar-2026 12:41:55 America/Lima] PHP Deprecated:  Implicit conversion from float 14.333333333333332 to int loses precision in C:\laragon\www\well-known\utils\lib\vendor\bacon\bacon-qr-code\src\Encoder\MaskUtil.php on line 207
[26-Mar-2026 12:41:55 America/Lima] PHP Deprecated:  Implicit conversion from float 13.666666666666666 to int loses precision in C:\laragon\www\well-known\utils\lib\vendor\bacon\bacon-qr-code\src\Encoder\MaskUtil.php on line 207
[26-Mar-2026 12:41:55 America/Lima] PHP Deprecated:  Implicit conversion from float 12.666666666666666 to int loses precision in C:\laragon\www\well-known\utils\lib\vendor\bacon\bacon-qr-code\src\Encoder\MaskUtil.php on line 207
[26-Mar-2026 12:41:55 America/Lima] PHP Deprecated:  Implicit conversion from float 12.666666666666666 to int loses precision in C:\laragon\www\well-known\utils\lib\vendor\bacon\bacon-qr-code\src\Encoder\MaskUtil.php on line 207
[26-Mar-2026 12:41:55 America/Lima] PHP Deprecated:  Implicit conversion from float 11.666666666666666 to int loses precision in C:\laragon\www\well-known\utils\lib\vendor\bacon\bacon-qr-code\src\Encoder\MaskUtil.php on line 207
[26-Mar-2026 12:41:55 America/Lima] PHP Deprecated:  Implicit conversion from float 11.666666666666666 to int loses precision in C:\laragon\www\well-known\utils\lib\vendor\bacon\bacon-qr-code\src\Encoder\MaskUtil.php on line 207
[26-Mar-2026 12:41:55 America/Lima] PHP Deprecated:  Implicit conversion from float 10.666666666666666 to int loses precision in C:\laragon\www\well-known\utils\lib\vendor\bacon\bacon-qr-code\src\Encoder\MaskUtil.php on line 207
[26-Mar-2026 12:41:55 America/Lima] PHP Deprecated:  Implicit conversion from float 10.666666666666666 to int loses precision in C:\laragon\www\well-known\utils\lib\vendor\bacon\bacon-qr-code\src\Encoder\MaskUtil.php on line 207
[26-Mar-2026 12:41:55 America/Lima] PHP Deprecated:  Implicit conversion from float 9.666666666666666 to int loses precision in C:\laragon\www\well-known\utils\lib\vendor\bacon\bacon-qr-code\src\Encoder\MaskUtil.php on line 207
[26-Mar-2026 12:41:55 America/Lima] PHP Deprecated:  Implicit conversion from float 9.666666666666666 to int loses precision in C:\laragon\www\well-known\utils\lib\vendor\bacon\bacon-qr-code\src\Encoder\MaskUtil.php on line 207
[26-Mar-2026 12:41:55 America/Lima] PHP Deprecated:  Implicit conversion from float 8.666666666666666 to int loses precision in C:\laragon\www\well-known\utils\lib\vendor\bacon\bacon-qr-code\src\Encoder\MaskUtil.php on line 207
[26-Mar-2026 12:41:55 America/Lima] PHP Deprecated:  Implicit conversion from float 8.666666666666666 to int loses precision in C:\laragon\www\well-known\utils\lib\vendor\bacon\bacon-qr-code\src\Encoder\MaskUtil.php on line 207
[26-Mar-2026 12:41:55 America/Lima] PHP Deprecated:  Implicit conversion from float 7.666666666666666 to int loses precision in C:\laragon\www\well-known\utils\lib\vendor\bacon\bacon-qr-code\src\Encoder\MaskUtil.php on line 207
[26-Mar-2026 12:41:55 America/Lima] PHP Deprecated:  Implicit conversion from float 7.666666666666666 to int loses precision in C:\laragon\www\well-known\utils\lib\vendor\bacon\bacon-qr-code\src\Encoder\MaskUtil.php on line 207
[26-Mar-2026 12:41:55 America/Lima] PHP Deprecated:  Implicit conversion from float 6.666666666666666 to int loses precision in C:\laragon\www\well-known\utils\lib\vendor\bacon\bacon-qr-code\src\Encoder\MaskUtil.php on line 207
[26-Mar-2026 12:41:55 America/Lima] PHP Deprecated:  Implicit conversion from float 5.666666666666666 to int loses precision in C:\laragon\www\well-known\utils\lib\vendor\bacon\bacon-qr-code\src\Encoder\MaskUtil.php on line 207
[26-Mar-2026 12:41:55 America/Lima] PHP Deprecated:  Implicit conversion from float 5.666666666666666 to int loses precision in C:\laragon\www\well-known\utils\lib\vendor\bacon\bacon-qr-code\src\Encoder\MaskUtil.php on line 207
[26-Mar-2026 12:41:55 America/Lima] PHP Deprecated:  Implicit conversion from float 4.666666666666666 to int loses precision in C:\laragon\www\well-known\utils\lib\vendor\bacon\bacon-qr-code\src\Encoder\MaskUtil.php on line 207
[26-Mar-2026 12:41:55 America/Lima] PHP Deprecated:  Implicit conversion from float 4.666666666666666 to int loses precision in C:\laragon\www\well-known\utils\lib\vendor\bacon\bacon-qr-code\src\Encoder\MaskUtil.php on line 207
[26-Mar-2026 12:41:55 America/Lima] PHP Deprecated:  Implicit conversion from float 3.6666666666666665 to int loses precision in C:\laragon\www\well-known\utils\lib\vendor\bacon\bacon-qr-code\src\Encoder\MaskUtil.php on line 207
[26-Mar-2026 12:41:55 America/Lima] PHP Deprecated:  Implicit conversion from float 3.6666666666666665 to int loses precision in C:\laragon\www\well-known\utils\lib\vendor\bacon\bacon-qr-code\src\Encoder\MaskUtil.php on line 207
[26-Mar-2026 12:41:55 America/Lima] PHP Deprecated:  Implicit conversion from float 3.3333333333333335 to int loses precision in C:\laragon\www\well-known\utils\lib\vendor\bacon\bacon-qr-code\src\Encoder\MaskUtil.php on line 207
[26-Mar-2026 12:41:55 America/Lima] PHP Deprecated:  Implicit conversion from float 3.3333333333333335 to int loses precision in C:\laragon\www\well-known\utils\lib\vendor\bacon\bacon-qr-code\src\Encoder\MaskUtil.php on line 207
[26-Mar-2026 12:41:55 America/Lima] PHP Deprecated:  Implicit conversion from float 4.333333333333334 to int loses precision in C:\laragon\www\well-known\utils\lib\vendor\bacon\bacon-qr-code\src\Encoder\MaskUtil.php on line 207
[26-Mar-2026 12:41:55 America/Lima] PHP Deprecated:  Implicit conversion from float 4.333333333333334 to int loses precision in C:\laragon\www\well-known\utils\lib\vendor\bacon\bacon-qr-code\src\Encoder\MaskUtil.php on line 207
[26-Mar-2026 12:41:55 America/Lima] PHP Deprecated:  Implicit conversion from float 5.333333333333334 to int loses precision in C:\laragon\www\well-known\utils\lib\vendor\bacon\bacon-qr-code\src\Encoder\MaskUtil.php on line 207
[26-Mar-2026 12:41:55 America/Lima] PHP Deprecated:  Implicit conversion from float 5.333333333333334 to int loses precision in C:\laragon\www\well-known\utils\lib\vendor\bacon\bacon-qr-code\src\Encoder\MaskUtil.php on line 207
[26-Mar-2026 12:41:55 America/Lima] PHP Deprecated:  Implicit conversion from float 6.333333333333334 to int loses precision in C:\laragon\www\well-known\utils\lib\vendor\bacon\bacon-qr-code\src\Encoder\MaskUtil.php on line 207
[26-Mar-2026 12:41:55 America/Lima] PHP Deprecated:  Implicit conversion from float 7.333333333333334 to int loses precision in C:\laragon\www\well-known\utils\lib\vendor\bacon\bacon-qr-code\src\Encoder\MaskUtil.php on line 207
[26-Mar-2026 12:41:55 America/Lima] PHP Deprecated:  Implicit conversion from float 7.333333333333334 to int loses precision in C:\laragon\www\well-known\utils\lib\vendor\bacon\bacon-qr-code\src\Encoder\MaskUtil.php on line 207
[26-Mar-2026 12:41:55 America/Lima] PHP Deprecated:  Implicit conversion from float 8.333333333333334 to int loses precision in C:\laragon\www\well-known\utils\lib\vendor\bacon\bacon-qr-code\src\Encoder\MaskUtil.php on line 207
[26-Mar-2026 12:41:55 America/Lima] PHP Deprecated:  Implicit conversion from float 8.333333333333334 to int loses precision in C:\laragon\www\well-known\utils\lib\vendor\bacon\bacon-qr-code\src\Encoder\MaskUtil.php on line 207
[26-Mar-2026 12:41:55 America/Lima] PHP Deprecated:  Implicit conversion from float 9.333333333333334 to int loses precision in C:\laragon\www\well-known\utils\lib\vendor\bacon\bacon-qr-code\src\Encoder\MaskUtil.php on line 207
[26-Mar-2026 12:41:55 America/Lima] PHP Deprecated:  Implicit conversion from float 9.333333333333334 to int loses precision in C:\laragon\www\well-known\utils\lib\vendor\bacon\bacon-qr-code\src\Encoder\MaskUtil.php on line 207
[26-Mar-2026 12:41:55 America/Lima] PHP Deprecated:  Implicit conversion from float 10.333333333333334 to int loses precision in C:\laragon\www\well-known\utils\lib\vendor\bacon\bacon-qr-code\src\Encoder\MaskUtil.php on line 207
[26-Mar-2026 12:41:55 America/Lima] PHP Deprecated:  Implicit conversion from float 10.333333333333334 to int loses precision in C:\laragon\www\well-known\utils\lib\vendor\bacon\bacon-qr-code\src\Encoder\MaskUtil.php on line 207
[26-Mar-2026 12:41:55 America/Lima] PHP Deprecated:  Implicit conversion from float 11.333333333333334 to int loses precision in C:\laragon\www\well-known\utils\lib\vendor\bacon\bacon-qr-code\src\Encoder\MaskUtil.php on line 207
[26-Mar-2026 12:41:55 America/Lima] PHP Deprecated:  Implicit conversion from float 11.333333333333334 to int loses precision in C:\laragon\www\well-known\utils\lib\vendor\bacon\bacon-qr-code\src\Encoder\MaskUtil.php on line 207
[26-Mar-2026 12:41:55 America/Lima] PHP Deprecated:  Implicit conversion from float 12.333333333333334 to int loses precision in C:\laragon\www\well-known\utils\lib\vendor\bacon\bacon-qr-code\src\Encoder\MaskUtil.php on line 207
[26-Mar-2026 12:41:55 America/Lima] PHP Deprecated:  Implicit conversion from float 12.333333333333334 to int loses precision in C:\laragon\www\well-known\utils\lib\vendor\bacon\bacon-qr-code\src\Encoder\MaskUtil.php on line 207
[26-Mar-2026 12:41:55 America/Lima] PHP Deprecated:  Implicit conversion from float 13.333333333333334 to int loses precision in C:\laragon\www\well-known\utils\lib\vendor\bacon\bacon-qr-code\src\Encoder\MaskUtil.php on line 207
[26-Mar-2026 12:41:55 America/Lima] PHP Deprecated:  Implicit conversion from float 8.666666666666666 to int loses precision in C:\laragon\www\well-known\utils\lib\vendor\bacon\bacon-qr-code\src\Encoder\MaskUtil.php on line 207
[26-Mar-2026 12:41:55 America/Lima] PHP Deprecated:  Implicit conversion from float 8.333333333333334 to int loses precision in C:\laragon\www\well-known\utils\lib\vendor\bacon\bacon-qr-code\src\Encoder\MaskUtil.php on line 207
[26-Mar-2026 12:41:55 America/Lima] PHP Deprecated:  Implicit conversion from float 7.666666666666666 to int loses precision in C:\laragon\www\well-known\utils\lib\vendor\bacon\bacon-qr-code\src\Encoder\MaskUtil.php on line 207
[26-Mar-2026 12:41:55 America/Lima] PHP Deprecated:  Implicit conversion from float 7.333333333333334 to int loses precision in C:\laragon\www\well-known\utils\lib\vendor\bacon\bacon-qr-code\src\Encoder\MaskUtil.php on line 207
[26-Mar-2026 12:41:55 America/Lima] PHP Deprecated:  Implicit conversion from float 7.666666666666666 to int loses precision in C:\laragon\www\well-known\utils\lib\vendor\bacon\bacon-qr-code\src\Encoder\MaskUtil.php on line 207
[26-Mar-2026 12:41:55 America/Lima] PHP Deprecated:  Implicit conversion from float 7.333333333333334 to int loses precision in C:\laragon\www\well-known\utils\lib\vendor\bacon\bacon-qr-code\src\Encoder\MaskUtil.php on line 207
[26-Mar-2026 12:41:55 America/Lima] PHP Deprecated:  Implicit conversion from float 6.666666666666666 to int loses precision in C:\laragon\www\well-known\utils\lib\vendor\bacon\bacon-qr-code\src\Encoder\MaskUtil.php on line 207
[26-Mar-2026 12:41:55 America/Lima] PHP Deprecated:  Implicit conversion from float 6.333333333333334 to int loses precision in C:\laragon\www\well-known\utils\lib\vendor\bacon\bacon-qr-code\src\Encoder\MaskUtil.php on line 207
[26-Mar-2026 12:41:55 America/Lima] PHP Deprecated:  Implicit conversion from float 5.666666666666667 to int loses precision in C:\laragon\www\well-known\utils\lib\vendor\bacon\bacon-qr-code\src\Encoder\MaskUtil.php on line 207
[26-Mar-2026 12:41:55 America/Lima] PHP Deprecated:  Implicit conversion from float 5.333333333333333 to int loses precision in C:\laragon\www\well-known\utils\lib\vendor\bacon\bacon-qr-code\src\Encoder\MaskUtil.php on line 207
[26-Mar-2026 12:41:55 America/Lima] PHP Deprecated:  Implicit conversion from float 6.666666666666667 to int loses precision in C:\laragon\www\well-known\utils\lib\vendor\bacon\bacon-qr-code\src\Encoder\MaskUtil.php on line 207
[26-Mar-2026 12:41:55 America/Lima] PHP Deprecated:  Implicit conversion from float 6.333333333333333 to int loses precision in C:\laragon\www\well-known\utils\lib\vendor\bacon\bacon-qr-code\src\Encoder\MaskUtil.php on line 207
[26-Mar-2026 12:41:55 America/Lima] PHP Deprecated:  Implicit conversion from float 6.666666666666667 to int loses precision in C:\laragon\www\well-known\utils\lib\vendor\bacon\bacon-qr-code\src\Encoder\MaskUtil.php on line 207
[26-Mar-2026 12:41:55 America/Lima] PHP Deprecated:  Implicit conversion from float 6.333333333333333 to int loses precision in C:\laragon\www\well-known\utils\lib\vendor\bacon\bacon-qr-code\src\Encoder\MaskUtil.php on line 207
[26-Mar-2026 12:41:55 America/Lima] PHP Deprecated:  Implicit conversion from float 7.666666666666667 to int loses precision in C:\laragon\www\well-known\utils\lib\vendor\bacon\bacon-qr-code\src\Encoder\MaskUtil.php on line 207
[26-Mar-2026 12:41:55 America/Lima] PHP Deprecated:  Implicit conversion from float 7.333333333333333 to int loses precision in C:\laragon\www\well-known\utils\lib\vendor\bacon\bacon-qr-code\src\Encoder\MaskUtil.php on line 207
[26-Mar-2026 12:41:55 America/Lima] PHP Deprecated:  Implicit conversion from float 6.666666666666667 to int loses precision in C:\laragon\www\well-known\utils\lib\vendor\bacon\bacon-qr-code\src\Encoder\MaskUtil.php on line 207
[26-Mar-2026 12:41:55 America/Lima] PHP Deprecated:  Implicit conversion from float 5.666666666666667 to int loses precision in C:\laragon\www\well-known\utils\lib\vendor\bacon\bacon-qr-code\src\Encoder\MaskUtil.php on line 207
[26-Mar-2026 12:41:55 America/Lima] PHP Deprecated:  Implicit conversion from float 5.666666666666667 to int loses precision in C:\laragon\www\well-known\utils\lib\vendor\bacon\bacon-qr-code\src\Encoder\MaskUtil.php on line 207
[26-Mar-2026 12:41:55 America/Lima] PHP Deprecated:  Implicit conversion from float 4.666666666666667 to int loses precision in C:\laragon\www\well-known\utils\lib\vendor\bacon\bacon-qr-code\src\Encoder\MaskUtil.php on line 207
[26-Mar-2026 12:41:55 America/Lima] PHP Deprecated:  Implicit conversion from float 4.333333333333333 to int loses precision in C:\laragon\www\well-known\utils\lib\vendor\bacon\bacon-qr-code\src\Encoder\MaskUtil.php on line 207
[26-Mar-2026 12:41:55 America/Lima] PHP Deprecated:  Implicit conversion from float 5.333333333333333 to int loses precision in C:\laragon\www\well-known\utils\lib\vendor\bacon\bacon-qr-code\src\Encoder\MaskUtil.php on line 207
[26-Mar-2026 12:41:55 America/Lima] PHP Deprecated:  Implicit conversion from float 5.333333333333333 to int loses precision in C:\laragon\www\well-known\utils\lib\vendor\bacon\bacon-qr-code\src\Encoder\MaskUtil.php on line 207
[26-Mar-2026 12:41:55 America/Lima] PHP Deprecated:  Implicit conversion from float 6.333333333333333 to int loses precision in C:\laragon\www\well-known\utils\lib\vendor\bacon\bacon-qr-code\src\Encoder\MaskUtil.php on line 207
[26-Mar-2026 12:41:58 America/Lima] PHP Deprecated:  Return type of MyCLabs\Enum\Enum::jsonSerialize() should either be compatible with JsonSerializable::jsonSerialize(): mixed, or the #[\ReturnTypeWillChange] attribute should be used to temporarily suppress the notice in C:\laragon\www\well-known\utils\lib\vendor\myclabs\php-enum\src\Enum.php on line 235
[26-Mar-2026 12:41:58 America/Lima] PHP Warning:  Private methods cannot be final as they are never overridden by other classes in C:\laragon\www\well-known\utils\lib\vendor\dasprid\enum\src\AbstractEnum.php on line 88
[26-Mar-2026 12:41:58 America/Lima] PHP Warning:  Private methods cannot be final as they are never overridden by other classes in C:\laragon\www\well-known\utils\lib\vendor\dasprid\enum\src\AbstractEnum.php on line 128
[26-Mar-2026 12:41:58 America/Lima] PHP Deprecated:  Implicit conversion from float 16.666666666666668 to int loses precision in C:\laragon\www\well-known\utils\lib\vendor\bacon\bacon-qr-code\src\Encoder\MaskUtil.php on line 207
[26-Mar-2026 12:41:58 America/Lima] PHP Deprecated:  Implicit conversion from float 16.333333333333332 to int loses precision in C:\laragon\www\well-known\utils\lib\vendor\bacon\bacon-qr-code\src\Encoder\MaskUtil.php on line 207
[26-Mar-2026 12:41:58 America/Lima] PHP Deprecated:  Implicit conversion from float 15.666666666666668 to int loses precision in C:\laragon\www\well-known\utils\lib\vendor\bacon\bacon-qr-code\src\Encoder\MaskUtil.php on line 207
[26-Mar-2026 12:41:58 America/Lima] PHP Deprecated:  Implicit conversion from float 15.333333333333332 to int loses precision in C:\laragon\www\well-known\utils\lib\vendor\bacon\bacon-qr-code\src\Encoder\MaskUtil.php on line 207
[26-Mar-2026 12:41:58 America/Lima] PHP Deprecated:  Implicit conversion from float 15.666666666666668 to int loses precision in C:\laragon\www\well-known\utils\lib\vendor\bacon\bacon-qr-code\src\Encoder\MaskUtil.php on line 207
[26-Mar-2026 12:41:58 America/Lima] PHP Deprecated:  Implicit conversion from float 15.333333333333332 to int loses precision in C:\laragon\www\well-known\utils\lib\vendor\bacon\bacon-qr-code\src\Encoder\MaskUtil.php on line 207
[26-Mar-2026 12:41:58 America/Lima] PHP Deprecated:  Implicit conversion from float 14.666666666666668 to int loses precision in C:\laragon\www\well-known\utils\lib\vendor\bacon\bacon-qr-code\src\Encoder\MaskUtil.php on line 207
[26-Mar-2026 12:41:58 America/Lima] PHP Deprecated:  Implicit conversion from float 14.333333333333332 to int loses precision in C:\laragon\www\well-known\utils\lib\vendor\bacon\bacon-qr-code\src\Encoder\MaskUtil.php on line 207
[26-Mar-2026 12:41:58 America/Lima] PHP Deprecated:  Implicit conversion from float 14.666666666666668 to int loses precision in C:\laragon\www\well-known\utils\lib\vendor\bacon\bacon-qr-code\src\Encoder\MaskUtil.php on line 207
[26-Mar-2026 12:41:58 America/Lima] PHP Deprecated:  Implicit conversion from float 14.333333333333332 to int loses precision in C:\laragon\www\well-known\utils\lib\vendor\bacon\bacon-qr-code\src\Encoder\MaskUtil.php on line 207
[26-Mar-2026 12:41:58 America/Lima] PHP Deprecated:  Implicit conversion from float 13.666666666666668 to int loses precision in C:\laragon\www\well-known\utils\lib\vendor\bacon\bacon-qr-code\src\Encoder\MaskUtil.php on line 207
[26-Mar-2026 12:41:58 America/Lima] PHP Deprecated:  Implicit conversion from float 13.333333333333332 to int loses precision in C:\laragon\www\well-known\utils\lib\vendor\bacon\bacon-qr-code\src\Encoder\MaskUtil.php on line 207
[26-Mar-2026 12:41:58 America/Lima] PHP Deprecated:  Implicit conversion from float 13.666666666666668 to int loses precision in C:\laragon\www\well-known\utils\lib\vendor\bacon\bacon-qr-code\src\Encoder\MaskUtil.php on line 207
[26-Mar-2026 12:41:58 America/Lima] PHP Deprecated:  Implicit conversion from float 13.333333333333332 to int loses precision in C:\laragon\www\well-known\utils\lib\vendor\bacon\bacon-qr-code\src\Encoder\MaskUtil.php on line 207
[26-Mar-2026 12:41:58 America/Lima] PHP Deprecated:  Implicit conversion from float 12.666666666666668 to int loses precision in C:\laragon\www\well-known\utils\lib\vendor\bacon\bacon-qr-code\src\Encoder\MaskUtil.php on line 207
[26-Mar-2026 12:41:58 America/Lima] PHP Deprecated:  Implicit conversion from float 12.333333333333332 to int loses precision in C:\laragon\www\well-known\utils\lib\vendor\bacon\bacon-qr-code\src\Encoder\MaskUtil.php on line 207
[26-Mar-2026 12:41:58 America/Lima] PHP Deprecated:  Implicit conversion from float 12.666666666666668 to int loses precision in C:\laragon\www\well-known\utils\lib\vendor\bacon\bacon-qr-code\src\Encoder\MaskUtil.php on line 207
[26-Mar-2026 12:41:58 America/Lima] PHP Deprecated:  Implicit conversion from float 12.333333333333332 to int loses precision in C:\laragon\www\well-known\utils\lib\vendor\bacon\bacon-qr-code\src\Encoder\MaskUtil.php on line 207
[26-Mar-2026 12:41:58 America/Lima] PHP Deprecated:  Implicit conversion from float 11.666666666666668 to int loses precision in C:\laragon\www\well-known\utils\lib\vendor\bacon\bacon-qr-code\src\Encoder\MaskUtil.php on line 207
[26-Mar-2026 12:41:58 America/Lima] PHP Deprecated:  Implicit conversion from float 11.333333333333332 to int loses precision in C:\laragon\www\well-known\utils\lib\vendor\bacon\bacon-qr-code\src\Encoder\MaskUtil.php on line 207
[26-Mar-2026 12:41:58 America/Lima] PHP Deprecated:  Implicit conversion from float 11.666666666666668 to int loses precision in C:\laragon\www\well-known\utils\lib\vendor\bacon\bacon-qr-code\src\Encoder\MaskUtil.php on line 207
[26-Mar-2026 12:41:58 America/Lima] PHP Deprecated:  Implicit conversion from float 11.333333333333332 to int loses precision in C:\laragon\www\well-known\utils\lib\vendor\bacon\bacon-qr-code\src\Encoder\MaskUtil.php on line 207
[26-Mar-2026 12:41:58 America/Lima] PHP Deprecated:  Implicit conversion from float 10.666666666666668 to int loses precision in C:\laragon\www\well-known\utils\lib\vendor\bacon\bacon-qr-code\src\Encoder\MaskUtil.php on line 207
[26-Mar-2026 12:41:58 America/Lima] PHP Deprecated:  Implicit conversion from float 10.333333333333332 to int loses precision in C:\laragon\www\well-known\utils\lib\vendor\bacon\bacon-qr-code\src\Encoder\MaskUtil.php on line 207
[26-Mar-2026 12:41:58 America/Lima] PHP Deprecated:  Implicit conversion from float 9.666666666666668 to int loses precision in C:\laragon\www\well-known\utils\lib\vendor\bacon\bacon-qr-code\src\Encoder\MaskUtil.php on line 207
[26-Mar-2026 12:41:58 America/Lima] PHP Deprecated:  Implicit conversion from float 10.666666666666668 to int loses precision in C:\laragon\www\well-known\utils\lib\vendor\bacon\bacon-qr-code\src\Encoder\MaskUtil.php on line 207
[26-Mar-2026 12:41:58 America/Lima] PHP Deprecated:  Implicit conversion from float 10.666666666666668 to int loses precision in C:\laragon\www\well-known\utils\lib\vendor\bacon\bacon-qr-code\src\Encoder\MaskUtil.php on line 207
[26-Mar-2026 12:41:58 America/Lima] PHP Deprecated:  Implicit conversion from float 11.666666666666668 to int loses precision in C:\laragon\www\well-known\utils\lib\vendor\bacon\bacon-qr-code\src\Encoder\MaskUtil.php on line 207
[26-Mar-2026 12:41:58 America/Lima] PHP Deprecated:  Implicit conversion from float 11.666666666666668 to int loses precision in C:\laragon\www\well-known\utils\lib\vendor\bacon\bacon-qr-code\src\Encoder\MaskUtil.php on line 207
[26-Mar-2026 12:41:58 America/Lima] PHP Deprecated:  Implicit conversion from float 12.666666666666668 to int loses precision in C:\laragon\www\well-known\utils\lib\vendor\bacon\bacon-qr-code\src\Encoder\MaskUtil.php on line 207
[26-Mar-2026 12:41:58 America/Lima] PHP Deprecated:  Implicit conversion from float 12.666666666666668 to int loses precision in C:\laragon\www\well-known\utils\lib\vendor\bacon\bacon-qr-code\src\Encoder\MaskUtil.php on line 207
[26-Mar-2026 12:41:58 America/Lima] PHP Deprecated:  Implicit conversion from float 13.666666666666668 to int loses precision in C:\laragon\www\well-known\utils\lib\vendor\bacon\bacon-qr-code\src\Encoder\MaskUtil.php on line 207
[26-Mar-2026 12:41:58 America/Lima] PHP Deprecated:  Implicit conversion from float 13.666666666666668 to int loses precision in C:\laragon\www\well-known\utils\lib\vendor\bacon\bacon-qr-code\src\Encoder\MaskUtil.php on line 207
[26-Mar-2026 12:41:58 America/Lima] PHP Deprecated:  Implicit conversion from float 14.666666666666668 to int loses precision in C:\laragon\www\well-known\utils\lib\vendor\bacon\bacon-qr-code\src\Encoder\MaskUtil.php on line 207
[26-Mar-2026 12:41:58 America/Lima] PHP Deprecated:  Implicit conversion from float 14.666666666666668 to int loses precision in C:\laragon\www\well-known\utils\lib\vendor\bacon\bacon-qr-code\src\Encoder\MaskUtil.php on line 207
[26-Mar-2026 12:41:58 America/Lima] PHP Deprecated:  Implicit conversion from float 15.666666666666668 to int loses precision in C:\laragon\www\well-known\utils\lib\vendor\bacon\bacon-qr-code\src\Encoder\MaskUtil.php on line 207
[26-Mar-2026 12:41:58 America/Lima] PHP Deprecated:  Implicit conversion from float 15.333333333333332 to int loses precision in C:\laragon\www\well-known\utils\lib\vendor\bacon\bacon-qr-code\src\Encoder\MaskUtil.php on line 207
[26-Mar-2026 12:41:58 America/Lima] PHP Deprecated:  Implicit conversion from float 14.333333333333332 to int loses precision in C:\laragon\www\well-known\utils\lib\vendor\bacon\bacon-qr-code\src\Encoder\MaskUtil.php on line 207
[26-Mar-2026 12:41:58 America/Lima] PHP Deprecated:  Implicit conversion from float 14.333333333333332 to int loses precision in C:\laragon\www\well-known\utils\lib\vendor\bacon\bacon-qr-code\src\Encoder\MaskUtil.php on line 207
[26-Mar-2026 12:41:58 America/Lima] PHP Deprecated:  Implicit conversion from float 13.333333333333332 to int loses precision in C:\laragon\www\well-known\utils\lib\vendor\bacon\bacon-qr-code\src\Encoder\MaskUtil.php on line 207
[26-Mar-2026 12:41:58 America/Lima] PHP Deprecated:  Implicit conversion from float 13.333333333333332 to int loses precision in C:\laragon\www\well-known\utils\lib\vendor\bacon\bacon-qr-code\src\Encoder\MaskUtil.php on line 207
[26-Mar-2026 12:41:58 America/Lima] PHP Deprecated:  Implicit conversion from float 12.333333333333332 to int loses precision in C:\laragon\www\well-known\utils\lib\vendor\bacon\bacon-qr-code\src\Encoder\MaskUtil.php on line 207
[26-Mar-2026 12:41:58 America/Lima] PHP Deprecated:  Implicit conversion from float 12.333333333333332 to int loses precision in C:\laragon\www\well-known\utils\lib\vendor\bacon\bacon-qr-code\src\Encoder\MaskUtil.php on line 207
[26-Mar-2026 12:41:58 America/Lima] PHP Deprecated:  Implicit conversion from float 11.333333333333332 to int loses precision in C:\laragon\www\well-known\utils\lib\vendor\bacon\bacon-qr-code\src\Encoder\MaskUtil.php on line 207
[26-Mar-2026 12:41:58 America/Lima] PHP Deprecated:  Implicit conversion from float 11.333333333333332 to int loses precision in C:\laragon\www\well-known\utils\lib\vendor\bacon\bacon-qr-code\src\Encoder\MaskUtil.php on line 207
[26-Mar-2026 12:41:58 America/Lima] PHP Deprecated:  Implicit conversion from float 10.333333333333332 to int loses precision in C:\laragon\www\well-known\utils\lib\vendor\bacon\bacon-qr-code\src\Encoder\MaskUtil.php on line 207
[26-Mar-2026 12:41:58 America/Lima] PHP Deprecated:  Implicit conversion from float 10.333333333333332 to int loses precision in C:\laragon\www\well-known\utils\lib\vendor\bacon\bacon-qr-code\src\Encoder\MaskUtil.php on line 207
[26-Mar-2026 12:41:58 America/Lima] PHP Deprecated:  Implicit conversion from float 9.333333333333332 to int loses precision in C:\laragon\www\well-known\utils\lib\vendor\bacon\bacon-qr-code\src\Encoder\MaskUtil.php on line 207
[26-Mar-2026 12:41:58 America/Lima] PHP Deprecated:  Implicit conversion from float 8.666666666666668 to int loses precision in C:\laragon\www\well-known\utils\lib\vendor\bacon\bacon-qr-code\src\Encoder\MaskUtil.php on line 207
[26-Mar-2026 12:41:58 America/Lima] PHP Deprecated:  Implicit conversion from float 8.333333333333332 to int loses precision in C:\laragon\www\well-known\utils\lib\vendor\bacon\bacon-qr-code\src\Encoder\MaskUtil.php on line 207
[26-Mar-2026 12:41:58 America/Lima] PHP Deprecated:  Implicit conversion from float 9.666666666666668 to int loses precision in C:\laragon\www\well-known\utils\lib\vendor\bacon\bacon-qr-code\src\Encoder\MaskUtil.php on line 207
[26-Mar-2026 12:41:58 America/Lima] PHP Deprecated:  Implicit conversion from float 9.333333333333332 to int loses precision in C:\laragon\www\well-known\utils\lib\vendor\bacon\bacon-qr-code\src\Encoder\MaskUtil.php on line 207
[26-Mar-2026 12:41:58 America/Lima] PHP Deprecated:  Implicit conversion from float 9.666666666666668 to int loses precision in C:\laragon\www\well-known\utils\lib\vendor\bacon\bacon-qr-code\src\Encoder\MaskUtil.php on line 207
[26-Mar-2026 12:41:58 America/Lima] PHP Deprecated:  Implicit conversion from float 9.333333333333332 to int loses precision in C:\laragon\www\well-known\utils\lib\vendor\bacon\bacon-qr-code\src\Encoder\MaskUtil.php on line 207
[26-Mar-2026 12:41:58 America/Lima] PHP Deprecated:  Implicit conversion from float 10.666666666666668 to int loses precision in C:\laragon\www\well-known\utils\lib\vendor\bacon\bacon-qr-code\src\Encoder\MaskUtil.php on line 207
[26-Mar-2026 12:41:58 America/Lima] PHP Deprecated:  Implicit conversion from float 10.333333333333332 to int loses precision in C:\laragon\www\well-known\utils\lib\vendor\bacon\bacon-qr-code\src\Encoder\MaskUtil.php on line 207
[26-Mar-2026 12:41:58 America/Lima] PHP Deprecated:  Implicit conversion from float 10.666666666666668 to int loses precision in C:\laragon\www\well-known\utils\lib\vendor\bacon\bacon-qr-code\src\Encoder\MaskUtil.php on line 207
[26-Mar-2026 12:41:58 America/Lima] PHP Deprecated:  Implicit conversion from float 10.333333333333332 to int loses precision in C:\laragon\www\well-known\utils\lib\vendor\bacon\bacon-qr-code\src\Encoder\MaskUtil.php on line 207
[26-Mar-2026 12:41:58 America/Lima] PHP Deprecated:  Implicit conversion from float 11.666666666666668 to int loses precision in C:\laragon\www\well-known\utils\lib\vendor\bacon\bacon-qr-code\src\Encoder\MaskUtil.php on line 207
[26-Mar-2026 12:41:58 America/Lima] PHP Deprecated:  Implicit conversion from float 11.333333333333332 to int loses precision in C:\laragon\www\well-known\utils\lib\vendor\bacon\bacon-qr-code\src\Encoder\MaskUtil.php on line 207
[26-Mar-2026 12:41:58 America/Lima] PHP Deprecated:  Implicit conversion from float 11.666666666666668 to int loses precision in C:\laragon\www\well-known\utils\lib\vendor\bacon\bacon-qr-code\src\Encoder\MaskUtil.php on line 207
[26-Mar-2026 12:41:58 America/Lima] PHP Deprecated:  Implicit conversion from float 11.333333333333332 to int loses precision in C:\laragon\www\well-known\utils\lib\vendor\bacon\bacon-qr-code\src\Encoder\MaskUtil.php on line 207
[26-Mar-2026 12:41:58 America/Lima] PHP Deprecated:  Implicit conversion from float 12.666666666666668 to int loses precision in C:\laragon\www\well-known\utils\lib\vendor\bacon\bacon-qr-code\src\Encoder\MaskUtil.php on line 207
[26-Mar-2026 12:41:58 America/Lima] PHP Deprecated:  Implicit conversion from float 12.333333333333332 to int loses precision in C:\laragon\www\well-known\utils\lib\vendor\bacon\bacon-qr-code\src\Encoder\MaskUtil.php on line 207
[26-Mar-2026 12:41:58 America/Lima] PHP Deprecated:  Implicit conversion from float 12.666666666666668 to int loses precision in C:\laragon\www\well-known\utils\lib\vendor\bacon\bacon-qr-code\src\Encoder\MaskUtil.php on line 207
[26-Mar-2026 12:41:58 America/Lima] PHP Deprecated:  Implicit conversion from float 12.333333333333332 to int loses precision in C:\laragon\www\well-known\utils\lib\vendor\bacon\bacon-qr-code\src\Encoder\MaskUtil.php on line 207
[26-Mar-2026 12:41:58 America/Lima] PHP Deprecated:  Implicit conversion from float 13.666666666666668 to int loses precision in C:\laragon\www\well-known\utils\lib\vendor\bacon\bacon-qr-code\src\Encoder\MaskUtil.php on line 207
[26-Mar-2026 12:41:58 America/Lima] PHP Deprecated:  Implicit conversion from float 13.333333333333332 to int loses precision in C:\laragon\www\well-known\utils\lib\vendor\bacon\bacon-qr-code\src\Encoder\MaskUtil.php on line 207
[26-Mar-2026 12:41:58 America/Lima] PHP Deprecated:  Implicit conversion from float 13.666666666666668 to int loses precision in C:\laragon\www\well-known\utils\lib\vendor\bacon\bacon-qr-code\src\Encoder\MaskUtil.php on line 207
[26-Mar-2026 12:41:58 America/Lima] PHP Deprecated:  Implicit conversion from float 13.333333333333332 to int loses precision in C:\laragon\www\well-known\utils\lib\vendor\bacon\bacon-qr-code\src\Encoder\MaskUtil.php on line 207
[26-Mar-2026 12:41:58 America/Lima] PHP Deprecated:  Implicit conversion from float 14.666666666666668 to int loses precision in C:\laragon\www\well-known\utils\lib\vendor\bacon\bacon-qr-code\src\Encoder\MaskUtil.php on line 207
[26-Mar-2026 12:41:58 America/Lima] PHP Deprecated:  Implicit conversion from float 14.333333333333332 to int loses precision in C:\laragon\www\well-known\utils\lib\vendor\bacon\bacon-qr-code\src\Encoder\MaskUtil.php on line 207
[26-Mar-2026 12:41:58 America/Lima] PHP Deprecated:  Implicit conversion from float 13.666666666666666 to int loses precision in C:\laragon\www\well-known\utils\lib\vendor\bacon\bacon-qr-code\src\Encoder\MaskUtil.php on line 207
[26-Mar-2026 12:41:58 America/Lima] PHP Deprecated:  Implicit conversion from float 12.666666666666666 to int loses precision in C:\laragon\www\well-known\utils\lib\vendor\bacon\bacon-qr-code\src\Encoder\MaskUtil.php on line 207
[26-Mar-2026 12:41:58 America/Lima] PHP Deprecated:  Implicit conversion from float 12.666666666666666 to int loses precision in C:\laragon\www\well-known\utils\lib\vendor\bacon\bacon-qr-code\src\Encoder\MaskUtil.php on line 207
[26-Mar-2026 12:41:58 America/Lima] PHP Deprecated:  Implicit conversion from float 11.666666666666666 to int loses precision in C:\laragon\www\well-known\utils\lib\vendor\bacon\bacon-qr-code\src\Encoder\MaskUtil.php on line 207
[26-Mar-2026 12:41:58 America/Lima] PHP Deprecated:  Implicit conversion from float 11.666666666666666 to int loses precision in C:\laragon\www\well-known\utils\lib\vendor\bacon\bacon-qr-code\src\Encoder\MaskUtil.php on line 207
[26-Mar-2026 12:41:58 America/Lima] PHP Deprecated:  Implicit conversion from float 10.666666666666666 to int loses precision in C:\laragon\www\well-known\utils\lib\vendor\bacon\bacon-qr-code\src\Encoder\MaskUtil.php on line 207
[26-Mar-2026 12:41:58 America/Lima] PHP Deprecated:  Implicit conversion from float 10.666666666666666 to int loses precision in C:\laragon\www\well-known\utils\lib\vendor\bacon\bacon-qr-code\src\Encoder\MaskUtil.php on line 207
[26-Mar-2026 12:41:58 America/Lima] PHP Deprecated:  Implicit conversion from float 9.666666666666666 to int loses precision in C:\laragon\www\well-known\utils\lib\vendor\bacon\bacon-qr-code\src\Encoder\MaskUtil.php on line 207
[26-Mar-2026 12:41:58 America/Lima] PHP Deprecated:  Implicit conversion from float 9.666666666666666 to int loses precision in C:\laragon\www\well-known\utils\lib\vendor\bacon\bacon-qr-code\src\Encoder\MaskUtil.php on line 207
[26-Mar-2026 12:41:58 America/Lima] PHP Deprecated:  Implicit conversion from float 8.666666666666666 to int loses precision in C:\laragon\www\well-known\utils\lib\vendor\bacon\bacon-qr-code\src\Encoder\MaskUtil.php on line 207
[26-Mar-2026 12:41:58 America/Lima] PHP Deprecated:  Implicit conversion from float 8.666666666666666 to int loses precision in C:\laragon\www\well-known\utils\lib\vendor\bacon\bacon-qr-code\src\Encoder\MaskUtil.php on line 207
[26-Mar-2026 12:41:58 America/Lima] PHP Deprecated:  Implicit conversion from float 7.666666666666666 to int loses precision in C:\laragon\www\well-known\utils\lib\vendor\bacon\bacon-qr-code\src\Encoder\MaskUtil.php on line 207
[26-Mar-2026 12:41:58 America/Lima] PHP Deprecated:  Implicit conversion from float 7.666666666666666 to int loses precision in C:\laragon\www\well-known\utils\lib\vendor\bacon\bacon-qr-code\src\Encoder\MaskUtil.php on line 207
[26-Mar-2026 12:41:58 America/Lima] PHP Deprecated:  Implicit conversion from float 6.666666666666666 to int loses precision in C:\laragon\www\well-known\utils\lib\vendor\bacon\bacon-qr-code\src\Encoder\MaskUtil.php on line 207
[26-Mar-2026 12:41:58 America/Lima] PHP Deprecated:  Implicit conversion from float 5.666666666666666 to int loses precision in C:\laragon\www\well-known\utils\lib\vendor\bacon\bacon-qr-code\src\Encoder\MaskUtil.php on line 207
[26-Mar-2026 12:41:58 America/Lima] PHP Deprecated:  Implicit conversion from float 5.666666666666666 to int loses precision in C:\laragon\www\well-known\utils\lib\vendor\bacon\bacon-qr-code\src\Encoder\MaskUtil.php on line 207
[26-Mar-2026 12:41:58 America/Lima] PHP Deprecated:  Implicit conversion from float 4.666666666666666 to int loses precision in C:\laragon\www\well-known\utils\lib\vendor\bacon\bacon-qr-code\src\Encoder\MaskUtil.php on line 207
[26-Mar-2026 12:41:58 America/Lima] PHP Deprecated:  Implicit conversion from float 4.666666666666666 to int loses precision in C:\laragon\www\well-known\utils\lib\vendor\bacon\bacon-qr-code\src\Encoder\MaskUtil.php on line 207
[26-Mar-2026 12:41:58 America/Lima] PHP Deprecated:  Implicit conversion from float 3.6666666666666665 to int loses precision in C:\laragon\www\well-known\utils\lib\vendor\bacon\bacon-qr-code\src\Encoder\MaskUtil.php on line 207
[26-Mar-2026 12:41:58 America/Lima] PHP Deprecated:  Implicit conversion from float 3.6666666666666665 to int loses precision in C:\laragon\www\well-known\utils\lib\vendor\bacon\bacon-qr-code\src\Encoder\MaskUtil.php on line 207
[26-Mar-2026 12:41:58 America/Lima] PHP Deprecated:  Implicit conversion from float 3.3333333333333335 to int loses precision in C:\laragon\www\well-known\utils\lib\vendor\bacon\bacon-qr-code\src\Encoder\MaskUtil.php on line 207
[26-Mar-2026 12:41:58 America/Lima] PHP Deprecated:  Implicit conversion from float 3.3333333333333335 to int loses precision in C:\laragon\www\well-known\utils\lib\vendor\bacon\bacon-qr-code\src\Encoder\MaskUtil.php on line 207
[26-Mar-2026 12:41:58 America/Lima] PHP Deprecated:  Implicit conversion from float 4.333333333333334 to int loses precision in C:\laragon\www\well-known\utils\lib\vendor\bacon\bacon-qr-code\src\Encoder\MaskUtil.php on line 207
[26-Mar-2026 12:41:58 America/Lima] PHP Deprecated:  Implicit conversion from float 4.333333333333334 to int loses precision in C:\laragon\www\well-known\utils\lib\vendor\bacon\bacon-qr-code\src\Encoder\MaskUtil.php on line 207
[26-Mar-2026 12:41:58 America/Lima] PHP Deprecated:  Implicit conversion from float 5.333333333333334 to int loses precision in C:\laragon\www\well-known\utils\lib\vendor\bacon\bacon-qr-code\src\Encoder\MaskUtil.php on line 207
[26-Mar-2026 12:41:58 America/Lima] PHP Deprecated:  Implicit conversion from float 5.333333333333334 to int loses precision in C:\laragon\www\well-known\utils\lib\vendor\bacon\bacon-qr-code\src\Encoder\MaskUtil.php on line 207
[26-Mar-2026 12:41:58 America/Lima] PHP Deprecated:  Implicit conversion from float 6.333333333333334 to int loses precision in C:\laragon\www\well-known\utils\lib\vendor\bacon\bacon-qr-code\src\Encoder\MaskUtil.php on line 207
[26-Mar-2026 12:41:58 America/Lima] PHP Deprecated:  Implicit conversion from float 7.333333333333334 to int loses precision in C:\laragon\www\well-known\utils\lib\vendor\bacon\bacon-qr-code\src\Encoder\MaskUtil.php on line 207
[26-Mar-2026 12:41:58 America/Lima] PHP Deprecated:  Implicit conversion from float 7.333333333333334 to int loses precision in C:\laragon\www\well-known\utils\lib\vendor\bacon\bacon-qr-code\src\Encoder\MaskUtil.php on line 207
[26-Mar-2026 12:41:58 America/Lima] PHP Deprecated:  Implicit conversion from float 8.333333333333334 to int loses precision in C:\laragon\www\well-known\utils\lib\vendor\bacon\bacon-qr-code\src\Encoder\MaskUtil.php on line 207
[26-Mar-2026 12:41:58 America/Lima] PHP Deprecated:  Implicit conversion from float 8.333333333333334 to int loses precision in C:\laragon\www\well-known\utils\lib\vendor\bacon\bacon-qr-code\src\Encoder\MaskUtil.php on line 207
[26-Mar-2026 12:41:58 America/Lima] PHP Deprecated:  Implicit conversion from float 9.333333333333334 to int loses precision in C:\laragon\www\well-known\utils\lib\vendor\bacon\bacon-qr-code\src\Encoder\MaskUtil.php on line 207
[26-Mar-2026 12:41:58 America/Lima] PHP Deprecated:  Implicit conversion from float 9.333333333333334 to int loses precision in C:\laragon\www\well-known\utils\lib\vendor\bacon\bacon-qr-code\src\Encoder\MaskUtil.php on line 207
[26-Mar-2026 12:41:58 America/Lima] PHP Deprecated:  Implicit conversion from float 10.333333333333334 to int loses precision in C:\laragon\www\well-known\utils\lib\vendor\bacon\bacon-qr-code\src\Encoder\MaskUtil.php on line 207
[26-Mar-2026 12:41:58 America/Lima] PHP Deprecated:  Implicit conversion from float 10.333333333333334 to int loses precision in C:\laragon\www\well-known\utils\lib\vendor\bacon\bacon-qr-code\src\Encoder\MaskUtil.php on line 207
[26-Mar-2026 12:41:58 America/Lima] PHP Deprecated:  Implicit conversion from float 11.333333333333334 to int loses precision in C:\laragon\www\well-known\utils\lib\vendor\bacon\bacon-qr-code\src\Encoder\MaskUtil.php on line 207
[26-Mar-2026 12:41:58 America/Lima] PHP Deprecated:  Implicit conversion from float 11.333333333333334 to int loses precision in C:\laragon\www\well-known\utils\lib\vendor\bacon\bacon-qr-code\src\Encoder\MaskUtil.php on line 207
[26-Mar-2026 12:41:58 America/Lima] PHP Deprecated:  Implicit conversion from float 12.333333333333334 to int loses precision in C:\laragon\www\well-known\utils\lib\vendor\bacon\bacon-qr-code\src\Encoder\MaskUtil.php on line 207
[26-Mar-2026 12:41:58 America/Lima] PHP Deprecated:  Implicit conversion from float 12.333333333333334 to int loses precision in C:\laragon\www\well-known\utils\lib\vendor\bacon\bacon-qr-code\src\Encoder\MaskUtil.php on line 207
[26-Mar-2026 12:41:58 America/Lima] PHP Deprecated:  Implicit conversion from float 13.333333333333334 to int loses precision in C:\laragon\www\well-known\utils\lib\vendor\bacon\bacon-qr-code\src\Encoder\MaskUtil.php on line 207
[26-Mar-2026 12:41:58 America/Lima] PHP Deprecated:  Implicit conversion from float 8.666666666666666 to int loses precision in C:\laragon\www\well-known\utils\lib\vendor\bacon\bacon-qr-code\src\Encoder\MaskUtil.php on line 207
[26-Mar-2026 12:41:58 America/Lima] PHP Deprecated:  Implicit conversion from float 8.333333333333334 to int loses precision in C:\laragon\www\well-known\utils\lib\vendor\bacon\bacon-qr-code\src\Encoder\MaskUtil.php on line 207
[26-Mar-2026 12:41:58 America/Lima] PHP Deprecated:  Implicit conversion from float 7.666666666666666 to int loses precision in C:\laragon\www\well-known\utils\lib\vendor\bacon\bacon-qr-code\src\Encoder\MaskUtil.php on line 207
[26-Mar-2026 12:41:58 America/Lima] PHP Deprecated:  Implicit conversion from float 7.333333333333334 to int loses precision in C:\laragon\www\well-known\utils\lib\vendor\bacon\bacon-qr-code\src\Encoder\MaskUtil.php on line 207
[26-Mar-2026 12:41:58 America/Lima] PHP Deprecated:  Implicit conversion from float 7.666666666666666 to int loses precision in C:\laragon\www\well-known\utils\lib\vendor\bacon\bacon-qr-code\src\Encoder\MaskUtil.php on line 207
[26-Mar-2026 12:41:58 America/Lima] PHP Deprecated:  Implicit conversion from float 7.333333333333334 to int loses precision in C:\laragon\www\well-known\utils\lib\vendor\bacon\bacon-qr-code\src\Encoder\MaskUtil.php on line 207
[26-Mar-2026 12:41:58 America/Lima] PHP Deprecated:  Implicit conversion from float 6.666666666666666 to int loses precision in C:\laragon\www\well-known\utils\lib\vendor\bacon\bacon-qr-code\src\Encoder\MaskUtil.php on line 207
[26-Mar-2026 12:41:58 America/Lima] PHP Deprecated:  Implicit conversion from float 6.333333333333334 to int loses precision in C:\laragon\www\well-known\utils\lib\vendor\bacon\bacon-qr-code\src\Encoder\MaskUtil.php on line 207
[26-Mar-2026 12:41:58 America/Lima] PHP Deprecated:  Implicit conversion from float 5.666666666666667 to int loses precision in C:\laragon\www\well-known\utils\lib\vendor\bacon\bacon-qr-code\src\Encoder\MaskUtil.php on line 207
[26-Mar-2026 12:41:58 America/Lima] PHP Deprecated:  Implicit conversion from float 5.333333333333333 to int loses precision in C:\laragon\www\well-known\utils\lib\vendor\bacon\bacon-qr-code\src\Encoder\MaskUtil.php on line 207
[26-Mar-2026 12:41:58 America/Lima] PHP Deprecated:  Implicit conversion from float 6.666666666666667 to int loses precision in C:\laragon\www\well-known\utils\lib\vendor\bacon\bacon-qr-code\src\Encoder\MaskUtil.php on line 207
[26-Mar-2026 12:41:58 America/Lima] PHP Deprecated:  Implicit conversion from float 6.333333333333333 to int loses precision in C:\laragon\www\well-known\utils\lib\vendor\bacon\bacon-qr-code\src\Encoder\MaskUtil.php on line 207
[26-Mar-2026 12:41:58 America/Lima] PHP Deprecated:  Implicit conversion from float 6.666666666666667 to int loses precision in C:\laragon\www\well-known\utils\lib\vendor\bacon\bacon-qr-code\src\Encoder\MaskUtil.php on line 207
[26-Mar-2026 12:41:58 America/Lima] PHP Deprecated:  Implicit conversion from float 6.333333333333333 to int loses precision in C:\laragon\www\well-known\utils\lib\vendor\bacon\bacon-qr-code\src\Encoder\MaskUtil.php on line 207
[26-Mar-2026 12:41:58 America/Lima] PHP Deprecated:  Implicit conversion from float 7.666666666666667 to int loses precision in C:\laragon\www\well-known\utils\lib\vendor\bacon\bacon-qr-code\src\Encoder\MaskUtil.php on line 207
[26-Mar-2026 12:41:58 America/Lima] PHP Deprecated:  Implicit conversion from float 7.333333333333333 to int loses precision in C:\laragon\www\well-known\utils\lib\vendor\bacon\bacon-qr-code\src\Encoder\MaskUtil.php on line 207
[26-Mar-2026 12:41:58 America/Lima] PHP Deprecated:  Implicit conversion from float 6.666666666666667 to int loses precision in C:\laragon\www\well-known\utils\lib\vendor\bacon\bacon-qr-code\src\Encoder\MaskUtil.php on line 207
[26-Mar-2026 12:41:58 America/Lima] PHP Deprecated:  Implicit conversion from float 5.666666666666667 to int loses precision in C:\laragon\www\well-known\utils\lib\vendor\bacon\bacon-qr-code\src\Encoder\MaskUtil.php on line 207
[26-Mar-2026 12:41:58 America/Lima] PHP Deprecated:  Implicit conversion from float 5.666666666666667 to int loses precision in C:\laragon\www\well-known\utils\lib\vendor\bacon\bacon-qr-code\src\Encoder\MaskUtil.php on line 207
[26-Mar-2026 12:41:58 America/Lima] PHP Deprecated:  Implicit conversion from float 4.666666666666667 to int loses precision in C:\laragon\www\well-known\utils\lib\vendor\bacon\bacon-qr-code\src\Encoder\MaskUtil.php on line 207
[26-Mar-2026 12:41:58 America/Lima] PHP Deprecated:  Implicit conversion from float 4.333333333333333 to int loses precision in C:\laragon\www\well-known\utils\lib\vendor\bacon\bacon-qr-code\src\Encoder\MaskUtil.php on line 207
[26-Mar-2026 12:41:58 America/Lima] PHP Deprecated:  Implicit conversion from float 5.333333333333333 to int loses precision in C:\laragon\www\well-known\utils\lib\vendor\bacon\bacon-qr-code\src\Encoder\MaskUtil.php on line 207
[26-Mar-2026 12:41:58 America/Lima] PHP Deprecated:  Implicit conversion from float 5.333333333333333 to int loses precision in C:\laragon\www\well-known\utils\lib\vendor\bacon\bacon-qr-code\src\Encoder\MaskUtil.php on line 207
[26-Mar-2026 12:41:58 America/Lima] PHP Deprecated:  Implicit conversion from float 6.333333333333333 to int loses precision in C:\laragon\www\well-known\utils\lib\vendor\bacon\bacon-qr-code\src\Encoder\MaskUtil.php on line 207
[26-Mar-2026 12:42:00 America/Lima] PHP Deprecated:  Return type of MyCLabs\Enum\Enum::jsonSerialize() should either be compatible with JsonSerializable::jsonSerialize(): mixed, or the #[\ReturnTypeWillChange] attribute should be used to temporarily suppress the notice in C:\laragon\www\well-known\utils\lib\vendor\myclabs\php-enum\src\Enum.php on line 235
[26-Mar-2026 12:42:00 America/Lima] PHP Warning:  Private methods cannot be final as they are never overridden by other classes in C:\laragon\www\well-known\utils\lib\vendor\dasprid\enum\src\AbstractEnum.php on line 88
[26-Mar-2026 12:42:00 America/Lima] PHP Warning:  Private methods cannot be final as they are never overridden by other classes in C:\laragon\www\well-known\utils\lib\vendor\dasprid\enum\src\AbstractEnum.php on line 128
[26-Mar-2026 12:42:00 America/Lima] PHP Deprecated:  Implicit conversion from float 16.666666666666668 to int loses precision in C:\laragon\www\well-known\utils\lib\vendor\bacon\bacon-qr-code\src\Encoder\MaskUtil.php on line 207
[26-Mar-2026 12:42:00 America/Lima] PHP Deprecated:  Implicit conversion from float 16.333333333333332 to int loses precision in C:\laragon\www\well-known\utils\lib\vendor\bacon\bacon-qr-code\src\Encoder\MaskUtil.php on line 207
[26-Mar-2026 12:42:00 America/Lima] PHP Deprecated:  Implicit conversion from float 15.666666666666668 to int loses precision in C:\laragon\www\well-known\utils\lib\vendor\bacon\bacon-qr-code\src\Encoder\MaskUtil.php on line 207
[26-Mar-2026 12:42:00 America/Lima] PHP Deprecated:  Implicit conversion from float 15.333333333333332 to int loses precision in C:\laragon\www\well-known\utils\lib\vendor\bacon\bacon-qr-code\src\Encoder\MaskUtil.php on line 207
[26-Mar-2026 12:42:00 America/Lima] PHP Deprecated:  Implicit conversion from float 15.666666666666668 to int loses precision in C:\laragon\www\well-known\utils\lib\vendor\bacon\bacon-qr-code\src\Encoder\MaskUtil.php on line 207
[26-Mar-2026 12:42:00 America/Lima] PHP Deprecated:  Implicit conversion from float 15.333333333333332 to int loses precision in C:\laragon\www\well-known\utils\lib\vendor\bacon\bacon-qr-code\src\Encoder\MaskUtil.php on line 207
[26-Mar-2026 12:42:00 America/Lima] PHP Deprecated:  Implicit conversion from float 14.666666666666668 to int loses precision in C:\laragon\www\well-known\utils\lib\vendor\bacon\bacon-qr-code\src\Encoder\MaskUtil.php on line 207
[26-Mar-2026 12:42:00 America/Lima] PHP Deprecated:  Implicit conversion from float 14.333333333333332 to int loses precision in C:\laragon\www\well-known\utils\lib\vendor\bacon\bacon-qr-code\src\Encoder\MaskUtil.php on line 207
[26-Mar-2026 12:42:00 America/Lima] PHP Deprecated:  Implicit conversion from float 14.666666666666668 to int loses precision in C:\laragon\www\well-known\utils\lib\vendor\bacon\bacon-qr-code\src\Encoder\MaskUtil.php on line 207
[26-Mar-2026 12:42:00 America/Lima] PHP Deprecated:  Implicit conversion from float 14.333333333333332 to int loses precision in C:\laragon\www\well-known\utils\lib\vendor\bacon\bacon-qr-code\src\Encoder\MaskUtil.php on line 207
[26-Mar-2026 12:42:00 America/Lima] PHP Deprecated:  Implicit conversion from float 13.666666666666668 to int loses precision in C:\laragon\www\well-known\utils\lib\vendor\bacon\bacon-qr-code\src\Encoder\MaskUtil.php on line 207
[26-Mar-2026 12:42:00 America/Lima] PHP Deprecated:  Implicit conversion from float 13.333333333333332 to int loses precision in C:\laragon\www\well-known\utils\lib\vendor\bacon\bacon-qr-code\src\Encoder\MaskUtil.php on line 207
[26-Mar-2026 12:42:00 America/Lima] PHP Deprecated:  Implicit conversion from float 13.666666666666668 to int loses precision in C:\laragon\www\well-known\utils\lib\vendor\bacon\bacon-qr-code\src\Encoder\MaskUtil.php on line 207
[26-Mar-2026 12:42:00 America/Lima] PHP Deprecated:  Implicit conversion from float 13.333333333333332 to int loses precision in C:\laragon\www\well-known\utils\lib\vendor\bacon\bacon-qr-code\src\Encoder\MaskUtil.php on line 207
[26-Mar-2026 12:42:00 America/Lima] PHP Deprecated:  Implicit conversion from float 12.666666666666668 to int loses precision in C:\laragon\www\well-known\utils\lib\vendor\bacon\bacon-qr-code\src\Encoder\MaskUtil.php on line 207
[26-Mar-2026 12:42:00 America/Lima] PHP Deprecated:  Implicit conversion from float 12.333333333333332 to int loses precision in C:\laragon\www\well-known\utils\lib\vendor\bacon\bacon-qr-code\src\Encoder\MaskUtil.php on line 207
[26-Mar-2026 12:42:00 America/Lima] PHP Deprecated:  Implicit conversion from float 12.666666666666668 to int loses precision in C:\laragon\www\well-known\utils\lib\vendor\bacon\bacon-qr-code\src\Encoder\MaskUtil.php on line 207
[26-Mar-2026 12:42:00 America/Lima] PHP Deprecated:  Implicit conversion from float 12.333333333333332 to int loses precision in C:\laragon\www\well-known\utils\lib\vendor\bacon\bacon-qr-code\src\Encoder\MaskUtil.php on line 207
[26-Mar-2026 12:42:00 America/Lima] PHP Deprecated:  Implicit conversion from float 11.666666666666668 to int loses precision in C:\laragon\www\well-known\utils\lib\vendor\bacon\bacon-qr-code\src\Encoder\MaskUtil.php on line 207
[26-Mar-2026 12:42:00 America/Lima] PHP Deprecated:  Implicit conversion from float 11.333333333333332 to int loses precision in C:\laragon\www\well-known\utils\lib\vendor\bacon\bacon-qr-code\src\Encoder\MaskUtil.php on line 207
[26-Mar-2026 12:42:00 America/Lima] PHP Deprecated:  Implicit conversion from float 11.666666666666668 to int loses precision in C:\laragon\www\well-known\utils\lib\vendor\bacon\bacon-qr-code\src\Encoder\MaskUtil.php on line 207
[26-Mar-2026 12:42:00 America/Lima] PHP Deprecated:  Implicit conversion from float 11.333333333333332 to int loses precision in C:\laragon\www\well-known\utils\lib\vendor\bacon\bacon-qr-code\src\Encoder\MaskUtil.php on line 207
[26-Mar-2026 12:42:00 America/Lima] PHP Deprecated:  Implicit conversion from float 10.666666666666668 to int loses precision in C:\laragon\www\well-known\utils\lib\vendor\bacon\bacon-qr-code\src\Encoder\MaskUtil.php on line 207
[26-Mar-2026 12:42:00 America/Lima] PHP Deprecated:  Implicit conversion from float 10.333333333333332 to int loses precision in C:\laragon\www\well-known\utils\lib\vendor\bacon\bacon-qr-code\src\Encoder\MaskUtil.php on line 207
[26-Mar-2026 12:42:00 America/Lima] PHP Deprecated:  Implicit conversion from float 9.666666666666668 to int loses precision in C:\laragon\www\well-known\utils\lib\vendor\bacon\bacon-qr-code\src\Encoder\MaskUtil.php on line 207
[26-Mar-2026 12:42:00 America/Lima] PHP Deprecated:  Implicit conversion from float 10.666666666666668 to int loses precision in C:\laragon\www\well-known\utils\lib\vendor\bacon\bacon-qr-code\src\Encoder\MaskUtil.php on line 207
[26-Mar-2026 12:42:00 America/Lima] PHP Deprecated:  Implicit conversion from float 10.666666666666668 to int loses precision in C:\laragon\www\well-known\utils\lib\vendor\bacon\bacon-qr-code\src\Encoder\MaskUtil.php on line 207
[26-Mar-2026 12:42:00 America/Lima] PHP Deprecated:  Implicit conversion from float 11.666666666666668 to int loses precision in C:\laragon\www\well-known\utils\lib\vendor\bacon\bacon-qr-code\src\Encoder\MaskUtil.php on line 207
[26-Mar-2026 12:42:00 America/Lima] PHP Deprecated:  Implicit conversion from float 11.666666666666668 to int loses precision in C:\laragon\www\well-known\utils\lib\vendor\bacon\bacon-qr-code\src\Encoder\MaskUtil.php on line 207
[26-Mar-2026 12:42:00 America/Lima] PHP Deprecated:  Implicit conversion from float 12.666666666666668 to int loses precision in C:\laragon\www\well-known\utils\lib\vendor\bacon\bacon-qr-code\src\Encoder\MaskUtil.php on line 207
[26-Mar-2026 12:42:00 America/Lima] PHP Deprecated:  Implicit conversion from float 12.666666666666668 to int loses precision in C:\laragon\www\well-known\utils\lib\vendor\bacon\bacon-qr-code\src\Encoder\MaskUtil.php on line 207
[26-Mar-2026 12:42:00 America/Lima] PHP Deprecated:  Implicit conversion from float 13.666666666666668 to int loses precision in C:\laragon\www\well-known\utils\lib\vendor\bacon\bacon-qr-code\src\Encoder\MaskUtil.php on line 207
[26-Mar-2026 12:42:00 America/Lima] PHP Deprecated:  Implicit conversion from float 13.666666666666668 to int loses precision in C:\laragon\www\well-known\utils\lib\vendor\bacon\bacon-qr-code\src\Encoder\MaskUtil.php on line 207
[26-Mar-2026 12:42:00 America/Lima] PHP Deprecated:  Implicit conversion from float 14.666666666666668 to int loses precision in C:\laragon\www\well-known\utils\lib\vendor\bacon\bacon-qr-code\src\Encoder\MaskUtil.php on line 207
[26-Mar-2026 12:42:00 America/Lima] PHP Deprecated:  Implicit conversion from float 14.666666666666668 to int loses precision in C:\laragon\www\well-known\utils\lib\vendor\bacon\bacon-qr-code\src\Encoder\MaskUtil.php on line 207
[26-Mar-2026 12:42:00 America/Lima] PHP Deprecated:  Implicit conversion from float 15.666666666666668 to int loses precision in C:\laragon\www\well-known\utils\lib\vendor\bacon\bacon-qr-code\src\Encoder\MaskUtil.php on line 207
[26-Mar-2026 12:42:00 America/Lima] PHP Deprecated:  Implicit conversion from float 15.333333333333332 to int loses precision in C:\laragon\www\well-known\utils\lib\vendor\bacon\bacon-qr-code\src\Encoder\MaskUtil.php on line 207
[26-Mar-2026 12:42:00 America/Lima] PHP Deprecated:  Implicit conversion from float 14.333333333333332 to int loses precision in C:\laragon\www\well-known\utils\lib\vendor\bacon\bacon-qr-code\src\Encoder\MaskUtil.php on line 207
[26-Mar-2026 12:42:00 America/Lima] PHP Deprecated:  Implicit conversion from float 14.333333333333332 to int loses precision in C:\laragon\www\well-known\utils\lib\vendor\bacon\bacon-qr-code\src\Encoder\MaskUtil.php on line 207
[26-Mar-2026 12:42:00 America/Lima] PHP Deprecated:  Implicit conversion from float 13.333333333333332 to int loses precision in C:\laragon\www\well-known\utils\lib\vendor\bacon\bacon-qr-code\src\Encoder\MaskUtil.php on line 207
[26-Mar-2026 12:42:00 America/Lima] PHP Deprecated:  Implicit conversion from float 13.333333333333332 to int loses precision in C:\laragon\www\well-known\utils\lib\vendor\bacon\bacon-qr-code\src\Encoder\MaskUtil.php on line 207
[26-Mar-2026 12:42:00 America/Lima] PHP Deprecated:  Implicit conversion from float 12.333333333333332 to int loses precision in C:\laragon\www\well-known\utils\lib\vendor\bacon\bacon-qr-code\src\Encoder\MaskUtil.php on line 207
[26-Mar-2026 12:42:00 America/Lima] PHP Deprecated:  Implicit conversion from float 12.333333333333332 to int loses precision in C:\laragon\www\well-known\utils\lib\vendor\bacon\bacon-qr-code\src\Encoder\MaskUtil.php on line 207
[26-Mar-2026 12:42:00 America/Lima] PHP Deprecated:  Implicit conversion from float 11.333333333333332 to int loses precision in C:\laragon\www\well-known\utils\lib\vendor\bacon\bacon-qr-code\src\Encoder\MaskUtil.php on line 207
[26-Mar-2026 12:42:00 America/Lima] PHP Deprecated:  Implicit conversion from float 11.333333333333332 to int loses precision in C:\laragon\www\well-known\utils\lib\vendor\bacon\bacon-qr-code\src\Encoder\MaskUtil.php on line 207
[26-Mar-2026 12:42:00 America/Lima] PHP Deprecated:  Implicit conversion from float 10.333333333333332 to int loses precision in C:\laragon\www\well-known\utils\lib\vendor\bacon\bacon-qr-code\src\Encoder\MaskUtil.php on line 207
[26-Mar-2026 12:42:00 America/Lima] PHP Deprecated:  Implicit conversion from float 10.333333333333332 to int loses precision in C:\laragon\www\well-known\utils\lib\vendor\bacon\bacon-qr-code\src\Encoder\MaskUtil.php on line 207
[26-Mar-2026 12:42:00 America/Lima] PHP Deprecated:  Implicit conversion from float 9.333333333333332 to int loses precision in C:\laragon\www\well-known\utils\lib\vendor\bacon\bacon-qr-code\src\Encoder\MaskUtil.php on line 207
[26-Mar-2026 12:42:00 America/Lima] PHP Deprecated:  Implicit conversion from float 8.666666666666668 to int loses precision in C:\laragon\www\well-known\utils\lib\vendor\bacon\bacon-qr-code\src\Encoder\MaskUtil.php on line 207
[26-Mar-2026 12:42:00 America/Lima] PHP Deprecated:  Implicit conversion from float 8.333333333333332 to int loses precision in C:\laragon\www\well-known\utils\lib\vendor\bacon\bacon-qr-code\src\Encoder\MaskUtil.php on line 207
[26-Mar-2026 12:42:00 America/Lima] PHP Deprecated:  Implicit conversion from float 9.666666666666668 to int loses precision in C:\laragon\www\well-known\utils\lib\vendor\bacon\bacon-qr-code\src\Encoder\MaskUtil.php on line 207
[26-Mar-2026 12:42:00 America/Lima] PHP Deprecated:  Implicit conversion from float 9.333333333333332 to int loses precision in C:\laragon\www\well-known\utils\lib\vendor\bacon\bacon-qr-code\src\Encoder\MaskUtil.php on line 207
[26-Mar-2026 12:42:00 America/Lima] PHP Deprecated:  Implicit conversion from float 9.666666666666668 to int loses precision in C:\laragon\www\well-known\utils\lib\vendor\bacon\bacon-qr-code\src\Encoder\MaskUtil.php on line 207
[26-Mar-2026 12:42:00 America/Lima] PHP Deprecated:  Implicit conversion from float 9.333333333333332 to int loses precision in C:\laragon\www\well-known\utils\lib\vendor\bacon\bacon-qr-code\src\Encoder\MaskUtil.php on line 207
[26-Mar-2026 12:42:00 America/Lima] PHP Deprecated:  Implicit conversion from float 10.666666666666668 to int loses precision in C:\laragon\www\well-known\utils\lib\vendor\bacon\bacon-qr-code\src\Encoder\MaskUtil.php on line 207
[26-Mar-2026 12:42:00 America/Lima] PHP Deprecated:  Implicit conversion from float 10.333333333333332 to int loses precision in C:\laragon\www\well-known\utils\lib\vendor\bacon\bacon-qr-code\src\Encoder\MaskUtil.php on line 207
[26-Mar-2026 12:42:00 America/Lima] PHP Deprecated:  Implicit conversion from float 10.666666666666668 to int loses precision in C:\laragon\www\well-known\utils\lib\vendor\bacon\bacon-qr-code\src\Encoder\MaskUtil.php on line 207
[26-Mar-2026 12:42:00 America/Lima] PHP Deprecated:  Implicit conversion from float 10.333333333333332 to int loses precision in C:\laragon\www\well-known\utils\lib\vendor\bacon\bacon-qr-code\src\Encoder\MaskUtil.php on line 207
[26-Mar-2026 12:42:00 America/Lima] PHP Deprecated:  Implicit conversion from float 11.666666666666668 to int loses precision in C:\laragon\www\well-known\utils\lib\vendor\bacon\bacon-qr-code\src\Encoder\MaskUtil.php on line 207
[26-Mar-2026 12:42:00 America/Lima] PHP Deprecated:  Implicit conversion from float 11.333333333333332 to int loses precision in C:\laragon\www\well-known\utils\lib\vendor\bacon\bacon-qr-code\src\Encoder\MaskUtil.php on line 207
[26-Mar-2026 12:42:00 America/Lima] PHP Deprecated:  Implicit conversion from float 11.666666666666668 to int loses precision in C:\laragon\www\well-known\utils\lib\vendor\bacon\bacon-qr-code\src\Encoder\MaskUtil.php on line 207
[26-Mar-2026 12:42:00 America/Lima] PHP Deprecated:  Implicit conversion from float 11.333333333333332 to int loses precision in C:\laragon\www\well-known\utils\lib\vendor\bacon\bacon-qr-code\src\Encoder\MaskUtil.php on line 207
[26-Mar-2026 12:42:00 America/Lima] PHP Deprecated:  Implicit conversion from float 12.666666666666668 to int loses precision in C:\laragon\www\well-known\utils\lib\vendor\bacon\bacon-qr-code\src\Encoder\MaskUtil.php on line 207
[26-Mar-2026 12:42:00 America/Lima] PHP Deprecated:  Implicit conversion from float 12.333333333333332 to int loses precision in C:\laragon\www\well-known\utils\lib\vendor\bacon\bacon-qr-code\src\Encoder\MaskUtil.php on line 207
[26-Mar-2026 12:42:00 America/Lima] PHP Deprecated:  Implicit conversion from float 12.666666666666668 to int loses precision in C:\laragon\www\well-known\utils\lib\vendor\bacon\bacon-qr-code\src\Encoder\MaskUtil.php on line 207
[26-Mar-2026 12:42:00 America/Lima] PHP Deprecated:  Implicit conversion from float 12.333333333333332 to int loses precision in C:\laragon\www\well-known\utils\lib\vendor\bacon\bacon-qr-code\src\Encoder\MaskUtil.php on line 207
[26-Mar-2026 12:42:00 America/Lima] PHP Deprecated:  Implicit conversion from float 13.666666666666668 to int loses precision in C:\laragon\www\well-known\utils\lib\vendor\bacon\bacon-qr-code\src\Encoder\MaskUtil.php on line 207
[26-Mar-2026 12:42:00 America/Lima] PHP Deprecated:  Implicit conversion from float 13.333333333333332 to int loses precision in C:\laragon\www\well-known\utils\lib\vendor\bacon\bacon-qr-code\src\Encoder\MaskUtil.php on line 207
[26-Mar-2026 12:42:00 America/Lima] PHP Deprecated:  Implicit conversion from float 13.666666666666668 to int loses precision in C:\laragon\www\well-known\utils\lib\vendor\bacon\bacon-qr-code\src\Encoder\MaskUtil.php on line 207
[26-Mar-2026 12:42:00 America/Lima] PHP Deprecated:  Implicit conversion from float 13.333333333333332 to int loses precision in C:\laragon\www\well-known\utils\lib\vendor\bacon\bacon-qr-code\src\Encoder\MaskUtil.php on line 207
[26-Mar-2026 12:42:00 America/Lima] PHP Deprecated:  Implicit conversion from float 14.666666666666668 to int loses precision in C:\laragon\www\well-known\utils\lib\vendor\bacon\bacon-qr-code\src\Encoder\MaskUtil.php on line 207
[26-Mar-2026 12:42:00 America/Lima] PHP Deprecated:  Implicit conversion from float 14.333333333333332 to int loses precision in C:\laragon\www\well-known\utils\lib\vendor\bacon\bacon-qr-code\src\Encoder\MaskUtil.php on line 207
[26-Mar-2026 12:42:00 America/Lima] PHP Deprecated:  Implicit conversion from float 13.666666666666666 to int loses precision in C:\laragon\www\well-known\utils\lib\vendor\bacon\bacon-qr-code\src\Encoder\MaskUtil.php on line 207
[26-Mar-2026 12:42:00 America/Lima] PHP Deprecated:  Implicit conversion from float 12.666666666666666 to int loses precision in C:\laragon\www\well-known\utils\lib\vendor\bacon\bacon-qr-code\src\Encoder\MaskUtil.php on line 207
[26-Mar-2026 12:42:00 America/Lima] PHP Deprecated:  Implicit conversion from float 12.666666666666666 to int loses precision in C:\laragon\www\well-known\utils\lib\vendor\bacon\bacon-qr-code\src\Encoder\MaskUtil.php on line 207
[26-Mar-2026 12:42:00 America/Lima] PHP Deprecated:  Implicit conversion from float 11.666666666666666 to int loses precision in C:\laragon\www\well-known\utils\lib\vendor\bacon\bacon-qr-code\src\Encoder\MaskUtil.php on line 207
[26-Mar-2026 12:42:00 America/Lima] PHP Deprecated:  Implicit conversion from float 11.666666666666666 to int loses precision in C:\laragon\www\well-known\utils\lib\vendor\bacon\bacon-qr-code\src\Encoder\MaskUtil.php on line 207
[26-Mar-2026 12:42:00 America/Lima] PHP Deprecated:  Implicit conversion from float 10.666666666666666 to int loses precision in C:\laragon\www\well-known\utils\lib\vendor\bacon\bacon-qr-code\src\Encoder\MaskUtil.php on line 207
[26-Mar-2026 12:42:00 America/Lima] PHP Deprecated:  Implicit conversion from float 10.666666666666666 to int loses precision in C:\laragon\www\well-known\utils\lib\vendor\bacon\bacon-qr-code\src\Encoder\MaskUtil.php on line 207
[26-Mar-2026 12:42:00 America/Lima] PHP Deprecated:  Implicit conversion from float 9.666666666666666 to int loses precision in C:\laragon\www\well-known\utils\lib\vendor\bacon\bacon-qr-code\src\Encoder\MaskUtil.php on line 207
[26-Mar-2026 12:42:00 America/Lima] PHP Deprecated:  Implicit conversion from float 9.666666666666666 to int loses precision in C:\laragon\www\well-known\utils\lib\vendor\bacon\bacon-qr-code\src\Encoder\MaskUtil.php on line 207
[26-Mar-2026 12:42:00 America/Lima] PHP Deprecated:  Implicit conversion from float 8.666666666666666 to int loses precision in C:\laragon\www\well-known\utils\lib\vendor\bacon\bacon-qr-code\src\Encoder\MaskUtil.php on line 207
[26-Mar-2026 12:42:00 America/Lima] PHP Deprecated:  Implicit conversion from float 8.666666666666666 to int loses precision in C:\laragon\www\well-known\utils\lib\vendor\bacon\bacon-qr-code\src\Encoder\MaskUtil.php on line 207
[26-Mar-2026 12:42:00 America/Lima] PHP Deprecated:  Implicit conversion from float 7.666666666666666 to int loses precision in C:\laragon\www\well-known\utils\lib\vendor\bacon\bacon-qr-code\src\Encoder\MaskUtil.php on line 207
[26-Mar-2026 12:42:00 America/Lima] PHP Deprecated:  Implicit conversion from float 7.666666666666666 to int loses precision in C:\laragon\www\well-known\utils\lib\vendor\bacon\bacon-qr-code\src\Encoder\MaskUtil.php on line 207
[26-Mar-2026 12:42:00 America/Lima] PHP Deprecated:  Implicit conversion from float 6.666666666666666 to int loses precision in C:\laragon\www\well-known\utils\lib\vendor\bacon\bacon-qr-code\src\Encoder\MaskUtil.php on line 207
[26-Mar-2026 12:42:00 America/Lima] PHP Deprecated:  Implicit conversion from float 5.666666666666666 to int loses precision in C:\laragon\www\well-known\utils\lib\vendor\bacon\bacon-qr-code\src\Encoder\MaskUtil.php on line 207
[26-Mar-2026 12:42:00 America/Lima] PHP Deprecated:  Implicit conversion from float 5.666666666666666 to int loses precision in C:\laragon\www\well-known\utils\lib\vendor\bacon\bacon-qr-code\src\Encoder\MaskUtil.php on line 207
[26-Mar-2026 12:42:00 America/Lima] PHP Deprecated:  Implicit conversion from float 4.666666666666666 to int loses precision in C:\laragon\www\well-known\utils\lib\vendor\bacon\bacon-qr-code\src\Encoder\MaskUtil.php on line 207
[26-Mar-2026 12:42:00 America/Lima] PHP Deprecated:  Implicit conversion from float 4.666666666666666 to int loses precision in C:\laragon\www\well-known\utils\lib\vendor\bacon\bacon-qr-code\src\Encoder\MaskUtil.php on line 207
[26-Mar-2026 12:42:00 America/Lima] PHP Deprecated:  Implicit conversion from float 3.6666666666666665 to int loses precision in C:\laragon\www\well-known\utils\lib\vendor\bacon\bacon-qr-code\src\Encoder\MaskUtil.php on line 207
[26-Mar-2026 12:42:00 America/Lima] PHP Deprecated:  Implicit conversion from float 3.6666666666666665 to int loses precision in C:\laragon\www\well-known\utils\lib\vendor\bacon\bacon-qr-code\src\Encoder\MaskUtil.php on line 207
[26-Mar-2026 12:42:00 America/Lima] PHP Deprecated:  Implicit conversion from float 3.3333333333333335 to int loses precision in C:\laragon\www\well-known\utils\lib\vendor\bacon\bacon-qr-code\src\Encoder\MaskUtil.php on line 207
[26-Mar-2026 12:42:00 America/Lima] PHP Deprecated:  Implicit conversion from float 3.3333333333333335 to int loses precision in C:\laragon\www\well-known\utils\lib\vendor\bacon\bacon-qr-code\src\Encoder\MaskUtil.php on line 207
[26-Mar-2026 12:42:00 America/Lima] PHP Deprecated:  Implicit conversion from float 4.333333333333334 to int loses precision in C:\laragon\www\well-known\utils\lib\vendor\bacon\bacon-qr-code\src\Encoder\MaskUtil.php on line 207
[26-Mar-2026 12:42:00 America/Lima] PHP Deprecated:  Implicit conversion from float 4.333333333333334 to int loses precision in C:\laragon\www\well-known\utils\lib\vendor\bacon\bacon-qr-code\src\Encoder\MaskUtil.php on line 207
[26-Mar-2026 12:42:00 America/Lima] PHP Deprecated:  Implicit conversion from float 5.333333333333334 to int loses precision in C:\laragon\www\well-known\utils\lib\vendor\bacon\bacon-qr-code\src\Encoder\MaskUtil.php on line 207
[26-Mar-2026 12:42:00 America/Lima] PHP Deprecated:  Implicit conversion from float 5.333333333333334 to int loses precision in C:\laragon\www\well-known\utils\lib\vendor\bacon\bacon-qr-code\src\Encoder\MaskUtil.php on line 207
[26-Mar-2026 12:42:00 America/Lima] PHP Deprecated:  Implicit conversion from float 6.333333333333334 to int loses precision in C:\laragon\www\well-known\utils\lib\vendor\bacon\bacon-qr-code\src\Encoder\MaskUtil.php on line 207
[26-Mar-2026 12:42:00 America/Lima] PHP Deprecated:  Implicit conversion from float 7.333333333333334 to int loses precision in C:\laragon\www\well-known\utils\lib\vendor\bacon\bacon-qr-code\src\Encoder\MaskUtil.php on line 207
[26-Mar-2026 12:42:00 America/Lima] PHP Deprecated:  Implicit conversion from float 7.333333333333334 to int loses precision in C:\laragon\www\well-known\utils\lib\vendor\bacon\bacon-qr-code\src\Encoder\MaskUtil.php on line 207
[26-Mar-2026 12:42:00 America/Lima] PHP Deprecated:  Implicit conversion from float 8.333333333333334 to int loses precision in C:\laragon\www\well-known\utils\lib\vendor\bacon\bacon-qr-code\src\Encoder\MaskUtil.php on line 207
[26-Mar-2026 12:42:00 America/Lima] PHP Deprecated:  Implicit conversion from float 8.333333333333334 to int loses precision in C:\laragon\www\well-known\utils\lib\vendor\bacon\bacon-qr-code\src\Encoder\MaskUtil.php on line 207
[26-Mar-2026 12:42:00 America/Lima] PHP Deprecated:  Implicit conversion from float 9.333333333333334 to int loses precision in C:\laragon\www\well-known\utils\lib\vendor\bacon\bacon-qr-code\src\Encoder\MaskUtil.php on line 207
[26-Mar-2026 12:42:00 America/Lima] PHP Deprecated:  Implicit conversion from float 9.333333333333334 to int loses precision in C:\laragon\www\well-known\utils\lib\vendor\bacon\bacon-qr-code\src\Encoder\MaskUtil.php on line 207
[26-Mar-2026 12:42:00 America/Lima] PHP Deprecated:  Implicit conversion from float 10.333333333333334 to int loses precision in C:\laragon\www\well-known\utils\lib\vendor\bacon\bacon-qr-code\src\Encoder\MaskUtil.php on line 207
[26-Mar-2026 12:42:00 America/Lima] PHP Deprecated:  Implicit conversion from float 10.333333333333334 to int loses precision in C:\laragon\www\well-known\utils\lib\vendor\bacon\bacon-qr-code\src\Encoder\MaskUtil.php on line 207
[26-Mar-2026 12:42:00 America/Lima] PHP Deprecated:  Implicit conversion from float 11.333333333333334 to int loses precision in C:\laragon\www\well-known\utils\lib\vendor\bacon\bacon-qr-code\src\Encoder\MaskUtil.php on line 207
[26-Mar-2026 12:42:00 America/Lima] PHP Deprecated:  Implicit conversion from float 11.333333333333334 to int loses precision in C:\laragon\www\well-known\utils\lib\vendor\bacon\bacon-qr-code\src\Encoder\MaskUtil.php on line 207
[26-Mar-2026 12:42:00 America/Lima] PHP Deprecated:  Implicit conversion from float 12.333333333333334 to int loses precision in C:\laragon\www\well-known\utils\lib\vendor\bacon\bacon-qr-code\src\Encoder\MaskUtil.php on line 207
[26-Mar-2026 12:42:00 America/Lima] PHP Deprecated:  Implicit conversion from float 12.333333333333334 to int loses precision in C:\laragon\www\well-known\utils\lib\vendor\bacon\bacon-qr-code\src\Encoder\MaskUtil.php on line 207
[26-Mar-2026 12:42:00 America/Lima] PHP Deprecated:  Implicit conversion from float 13.333333333333334 to int loses precision in C:\laragon\www\well-known\utils\lib\vendor\bacon\bacon-qr-code\src\Encoder\MaskUtil.php on line 207
[26-Mar-2026 12:42:00 America/Lima] PHP Deprecated:  Implicit conversion from float 8.666666666666666 to int loses precision in C:\laragon\www\well-known\utils\lib\vendor\bacon\bacon-qr-code\src\Encoder\MaskUtil.php on line 207
[26-Mar-2026 12:42:00 America/Lima] PHP Deprecated:  Implicit conversion from float 8.333333333333334 to int loses precision in C:\laragon\www\well-known\utils\lib\vendor\bacon\bacon-qr-code\src\Encoder\MaskUtil.php on line 207
[26-Mar-2026 12:42:00 America/Lima] PHP Deprecated:  Implicit conversion from float 7.666666666666666 to int loses precision in C:\laragon\www\well-known\utils\lib\vendor\bacon\bacon-qr-code\src\Encoder\MaskUtil.php on line 207
[26-Mar-2026 12:42:00 America/Lima] PHP Deprecated:  Implicit conversion from float 7.333333333333334 to int loses precision in C:\laragon\www\well-known\utils\lib\vendor\bacon\bacon-qr-code\src\Encoder\MaskUtil.php on line 207
[26-Mar-2026 12:42:00 America/Lima] PHP Deprecated:  Implicit conversion from float 7.666666666666666 to int loses precision in C:\laragon\www\well-known\utils\lib\vendor\bacon\bacon-qr-code\src\Encoder\MaskUtil.php on line 207
[26-Mar-2026 12:42:00 America/Lima] PHP Deprecated:  Implicit conversion from float 7.333333333333334 to int loses precision in C:\laragon\www\well-known\utils\lib\vendor\bacon\bacon-qr-code\src\Encoder\MaskUtil.php on line 207
[26-Mar-2026 12:42:00 America/Lima] PHP Deprecated:  Implicit conversion from float 6.666666666666666 to int loses precision in C:\laragon\www\well-known\utils\lib\vendor\bacon\bacon-qr-code\src\Encoder\MaskUtil.php on line 207
[26-Mar-2026 12:42:00 America/Lima] PHP Deprecated:  Implicit conversion from float 6.333333333333334 to int loses precision in C:\laragon\www\well-known\utils\lib\vendor\bacon\bacon-qr-code\src\Encoder\MaskUtil.php on line 207
[26-Mar-2026 12:42:00 America/Lima] PHP Deprecated:  Implicit conversion from float 5.666666666666667 to int loses precision in C:\laragon\www\well-known\utils\lib\vendor\bacon\bacon-qr-code\src\Encoder\MaskUtil.php on line 207
[26-Mar-2026 12:42:00 America/Lima] PHP Deprecated:  Implicit conversion from float 5.333333333333333 to int loses precision in C:\laragon\www\well-known\utils\lib\vendor\bacon\bacon-qr-code\src\Encoder\MaskUtil.php on line 207
[26-Mar-2026 12:42:00 America/Lima] PHP Deprecated:  Implicit conversion from float 6.666666666666667 to int loses precision in C:\laragon\www\well-known\utils\lib\vendor\bacon\bacon-qr-code\src\Encoder\MaskUtil.php on line 207
[26-Mar-2026 12:42:00 America/Lima] PHP Deprecated:  Implicit conversion from float 6.333333333333333 to int loses precision in C:\laragon\www\well-known\utils\lib\vendor\bacon\bacon-qr-code\src\Encoder\MaskUtil.php on line 207
[26-Mar-2026 12:42:00 America/Lima] PHP Deprecated:  Implicit conversion from float 6.666666666666667 to int loses precision in C:\laragon\www\well-known\utils\lib\vendor\bacon\bacon-qr-code\src\Encoder\MaskUtil.php on line 207
[26-Mar-2026 12:42:00 America/Lima] PHP Deprecated:  Implicit conversion from float 6.333333333333333 to int loses precision in C:\laragon\www\well-known\utils\lib\vendor\bacon\bacon-qr-code\src\Encoder\MaskUtil.php on line 207
[26-Mar-2026 12:42:00 America/Lima] PHP Deprecated:  Implicit conversion from float 7.666666666666667 to int loses precision in C:\laragon\www\well-known\utils\lib\vendor\bacon\bacon-qr-code\src\Encoder\MaskUtil.php on line 207
[26-Mar-2026 12:42:00 America/Lima] PHP Deprecated:  Implicit conversion from float 7.333333333333333 to int loses precision in C:\laragon\www\well-known\utils\lib\vendor\bacon\bacon-qr-code\src\Encoder\MaskUtil.php on line 207
[26-Mar-2026 12:42:00 America/Lima] PHP Deprecated:  Implicit conversion from float 6.666666666666667 to int loses precision in C:\laragon\www\well-known\utils\lib\vendor\bacon\bacon-qr-code\src\Encoder\MaskUtil.php on line 207
[26-Mar-2026 12:42:00 America/Lima] PHP Deprecated:  Implicit conversion from float 5.666666666666667 to int loses precision in C:\laragon\www\well-known\utils\lib\vendor\bacon\bacon-qr-code\src\Encoder\MaskUtil.php on line 207
[26-Mar-2026 12:42:00 America/Lima] PHP Deprecated:  Implicit conversion from float 5.666666666666667 to int loses precision in C:\laragon\www\well-known\utils\lib\vendor\bacon\bacon-qr-code\src\Encoder\MaskUtil.php on line 207
[26-Mar-2026 12:42:00 America/Lima] PHP Deprecated:  Implicit conversion from float 4.666666666666667 to int loses precision in C:\laragon\www\well-known\utils\lib\vendor\bacon\bacon-qr-code\src\Encoder\MaskUtil.php on line 207
[26-Mar-2026 12:42:00 America/Lima] PHP Deprecated:  Implicit conversion from float 4.333333333333333 to int loses precision in C:\laragon\www\well-known\utils\lib\vendor\bacon\bacon-qr-code\src\Encoder\MaskUtil.php on line 207
[26-Mar-2026 12:42:00 America/Lima] PHP Deprecated:  Implicit conversion from float 5.333333333333333 to int loses precision in C:\laragon\www\well-known\utils\lib\vendor\bacon\bacon-qr-code\src\Encoder\MaskUtil.php on line 207
[26-Mar-2026 12:42:00 America/Lima] PHP Deprecated:  Implicit conversion from float 5.333333333333333 to int loses precision in C:\laragon\www\well-known\utils\lib\vendor\bacon\bacon-qr-code\src\Encoder\MaskUtil.php on line 207
[26-Mar-2026 12:42:00 America/Lima] PHP Deprecated:  Implicit conversion from float 6.333333333333333 to int loses precision in C:\laragon\www\well-known\utils\lib\vendor\bacon\bacon-qr-code\src\Encoder\MaskUtil.php on line 207
[26-Mar-2026 12:42:03 America/Lima] DEBUG: Buscando cotización ID: 46814
[26-Mar-2026 12:42:03 America/Lima] DEBUG: SQL sin filtros: SELECT * FROM cotizaciones where cotizacion_id='46814'
[26-Mar-2026 12:42:03 America/Lima] DEBUG: Datos de cotización encontrados: {"cotizacion_id":"46814","numero":"45051","id_tido":"6","id_tipo_pago":"2","fecha":"2026-03-26","dias_pagos":"","direccion":"1","id_cliente":"297","total":"880.00","estado":"1","id_empresa":"12","sucursal":"1","usar_precio":"5","moneda":"1","cm_tc":null,"id_usuario":"40","observacion":"","fecha_registro":"2026-03-26 12:37:10"}
[26-Mar-2026 12:42:03 America/Lima] DEBUG: Buscando cliente con SQL: select * from clientes where id_cliente = '297'
[26-Mar-2026 12:42:03 America/Lima] DEBUG: SQL productos: SELECT p.cnt_presenta, pc.medida,pc.presenta,pc.presenta_cnt,p.codigo,pc.id_producto,pc.cantidad,p.descripcion,p.codsunat,p.precio,p.precio2,p.precio3,p.costo,pc.precio AS precioVenta,p.precio4,p.precio_unidad
        FROM productos_cotis pc
        JOIN productos p ON p.id_producto = pc.id_producto
        WHERE pc.id_coti = '46814'
[26-Mar-2026 12:42:03 America/Lima] DEBUG: Productos encontrados: 2
[26-Mar-2026 12:44:36 America/Lima] DEBUG: Buscando cotización ID: 46814
[26-Mar-2026 12:44:36 America/Lima] DEBUG: SQL sin filtros: SELECT * FROM cotizaciones where cotizacion_id='46814'
[26-Mar-2026 12:44:36 America/Lima] DEBUG: Datos de cotización encontrados: {"cotizacion_id":"46814","numero":"45051","id_tido":"6","id_tipo_pago":"2","fecha":"2026-03-26","dias_pagos":"","direccion":"1","id_cliente":"297","total":"880.00","estado":"1","id_empresa":"12","sucursal":"1","usar_precio":"5","moneda":"1","cm_tc":null,"id_usuario":"40","observacion":"","fecha_registro":"2026-03-26 12:37:10"}
[26-Mar-2026 12:44:36 America/Lima] DEBUG: Buscando cliente con SQL: select * from clientes where id_cliente = '297'
[26-Mar-2026 12:44:36 America/Lima] DEBUG: SQL productos: SELECT p.cnt_presenta, pc.medida,pc.presenta,pc.presenta_cnt,p.codigo,pc.id_producto,pc.cantidad,p.descripcion,p.codsunat,p.precio,p.precio2,p.precio3,p.costo,pc.precio AS precioVenta,p.precio4,p.precio_unidad
        FROM productos_cotis pc
        JOIN productos p ON p.id_producto = pc.id_producto
        WHERE pc.id_coti = '46814'
[26-Mar-2026 12:44:36 America/Lima] DEBUG: Productos encontrados: 2
[26-Mar-2026 12:58:52 America/Lima] === getAllByIdVenta ===
[26-Mar-2026 12:58:52 America/Lima] ID: 46814
[26-Mar-2026 12:58:52 America/Lima] Tipo: c
[26-Mar-2026 12:58:52 America/Lima] SQL: SELECT *,cuota_coti_id as dias_venta_id,'c' as tipo_doc FROM cuotas_cotizacion WHERE id_coti = '46814'
[26-Mar-2026 12:58:52 America/Lima] Registros encontrados: 1
[26-Mar-2026 12:58:52 America/Lima] Datos: [{"cuota_coti_id":"226882","id_coti":"46814","id_usuario":null,"id_caja_empresa":null,"monto":"880.000","fecha":"2026-03-26","estado":"0","tipo_pago":null,"fecha_pago_real":null,"dias_venta_id":"226882","tipo_doc":"c"}]
[26-Mar-2026 13:02:53 America/Lima] DEBUG: Buscando cotización ID: 46814
[26-Mar-2026 13:02:53 America/Lima] DEBUG: SQL sin filtros: SELECT * FROM cotizaciones where cotizacion_id='46814'
[26-Mar-2026 13:02:53 America/Lima] DEBUG: Datos de cotización encontrados: {"cotizacion_id":"46814","numero":"45051","id_tido":"6","id_tipo_pago":"2","fecha":"2026-03-26","dias_pagos":"","direccion":"1","id_cliente":"297","total":"880.00","estado":"1","id_empresa":"12","sucursal":"1","usar_precio":"5","moneda":"1","cm_tc":null,"id_usuario":"40","observacion":"","fecha_registro":"2026-03-26 12:37:10"}
[26-Mar-2026 13:02:53 America/Lima] DEBUG: Buscando cliente con SQL: select * from clientes where id_cliente = '297'
[26-Mar-2026 13:02:53 America/Lima] DEBUG: SQL productos: SELECT p.cnt_presenta, pc.medida,pc.presenta,pc.presenta_cnt,p.codigo,pc.id_producto,pc.cantidad,p.descripcion,p.codsunat,p.precio,p.precio2,p.precio3,p.costo,pc.precio AS precioVenta,p.precio4,p.precio_unidad
        FROM productos_cotis pc
        JOIN productos p ON p.id_producto = pc.id_producto
        WHERE pc.id_coti = '46814'
[26-Mar-2026 13:02:53 America/Lima] DEBUG: Productos encontrados: 2
[26-Mar-2026 13:03:39 America/Lima] DEBUG: Buscando cotización ID: 46814
[26-Mar-2026 13:03:39 America/Lima] DEBUG: SQL sin filtros: SELECT * FROM cotizaciones where cotizacion_id='46814'
[26-Mar-2026 13:03:39 America/Lima] DEBUG: Datos de cotización encontrados: {"cotizacion_id":"46814","numero":"45051","id_tido":"6","id_tipo_pago":"2","fecha":"2026-03-26","dias_pagos":"","direccion":"1","id_cliente":"297","total":"880.00","estado":"1","id_empresa":"12","sucursal":"1","usar_precio":"5","moneda":"1","cm_tc":null,"id_usuario":"40","observacion":"","fecha_registro":"2026-03-26 12:37:10"}
[26-Mar-2026 13:03:39 America/Lima] DEBUG: Buscando cliente con SQL: select * from clientes where id_cliente = '297'
[26-Mar-2026 13:03:39 America/Lima] DEBUG: SQL productos: SELECT p.cnt_presenta, pc.medida,pc.presenta,pc.presenta_cnt,p.codigo,pc.id_producto,pc.cantidad,p.descripcion,p.codsunat,p.precio,p.precio2,p.precio3,p.costo,pc.precio AS precioVenta,p.precio4,p.precio_unidad
        FROM productos_cotis pc
        JOIN productos p ON p.id_producto = pc.id_producto
        WHERE pc.id_coti = '46814'
[26-Mar-2026 13:03:39 America/Lima] DEBUG: Productos encontrados: 2
[11-Jul-2026 11:05:00 America/Lima] DEBUG: Buscando cotización ID: 42561
[11-Jul-2026 11:05:00 America/Lima] DEBUG: SQL sin filtros: SELECT * FROM cotizaciones where cotizacion_id='42561'
[11-Jul-2026 11:05:00 America/Lima] DEBUG: Datos de cotización encontrados: {"cotizacion_id":"42561","numero":"40807","id_tido":"6","id_tipo_pago":"2","fecha":"2026-02-17","dias_pagos":"","direccion":"1","id_cliente":"1305","total":"242.00","estado":"0","id_empresa":"12","sucursal":"1","usar_precio":"5","moneda":"1","cm_tc":null,"id_usuario":"80","observacion":"Porfavor recoger frejol camanejo 4.270 y descontar 25.60","fecha_registro":"2026-02-17 07:30:41"}
[11-Jul-2026 11:05:00 America/Lima] DEBUG: Buscando cliente con SQL: select * from clientes where id_cliente = '1305'
[11-Jul-2026 11:05:00 America/Lima] DEBUG: SQL productos: SELECT p.cnt_presenta, pc.medida, pc.presenta, pc.presenta_cnt, p.codigo, pc.id_producto,
            SUM(pc.cantidad) AS cantidad,
            p.descripcion, p.codsunat, p.precio, p.precio2, p.precio3, p.costo,
            MAX(pc.precio) AS precioVenta, p.precio4, p.precio_unidad
        FROM productos_cotis pc
        JOIN productos p ON p.id_producto = pc.id_producto
        WHERE pc.id_coti = '42561'
        GROUP BY pc.id_producto, pc.medida, pc.presenta_cnt, pc.presenta,
            p.cnt_presenta, p.codigo, p.descripcion, p.codsunat,
            p.precio, p.precio2, p.precio3, p.costo, p.precio4, p.precio_unidad
[11-Jul-2026 11:05:01 America/Lima] DEBUG: Productos encontrados: 5
[11-Jul-2026 11:08:19 America/Lima] DEBUG: Buscando cotización ID: 42561
[11-Jul-2026 11:08:19 America/Lima] DEBUG: SQL sin filtros: SELECT * FROM cotizaciones where cotizacion_id='42561'
[11-Jul-2026 11:08:19 America/Lima] DEBUG: Datos de cotización encontrados: {"cotizacion_id":"42561","numero":"40807","id_tido":"6","id_tipo_pago":"2","fecha":"2026-02-17","dias_pagos":"","direccion":"1","id_cliente":"1305","total":"242.00","estado":"0","id_empresa":"12","sucursal":"1","usar_precio":"5","moneda":"1","cm_tc":null,"id_usuario":"80","observacion":"Porfavor recoger frejol camanejo 4.270 y descontar 25.60","fecha_registro":"2026-02-17 07:30:41"}
[11-Jul-2026 11:08:19 America/Lima] DEBUG: Buscando cliente con SQL: select * from clientes where id_cliente = '1305'
[11-Jul-2026 11:08:19 America/Lima] DEBUG: SQL productos: SELECT p.cnt_presenta, pc.medida, pc.presenta, pc.presenta_cnt, p.codigo, pc.id_producto,
            SUM(pc.cantidad) AS cantidad,
            p.descripcion, p.codsunat, p.precio, p.precio2, p.precio3, p.costo,
            MAX(pc.precio) AS precioVenta, p.precio4, p.precio_unidad
        FROM productos_cotis pc
        JOIN productos p ON p.id_producto = pc.id_producto
        WHERE pc.id_coti = '42561'
        GROUP BY pc.id_producto, pc.medida, pc.presenta_cnt, pc.presenta,
            p.cnt_presenta, p.codigo, p.descripcion, p.codsunat,
            p.precio, p.precio2, p.precio3, p.costo, p.precio4, p.precio_unidad
[11-Jul-2026 11:08:19 America/Lima] DEBUG: Productos encontrados: 5
[11-Jul-2026 11:09:52 America/Lima] DEBUG: Buscando cotización ID: 42561
[11-Jul-2026 11:09:52 America/Lima] DEBUG: SQL sin filtros: SELECT * FROM cotizaciones where cotizacion_id='42561'
[11-Jul-2026 11:09:52 America/Lima] DEBUG: Datos de cotización encontrados: {"cotizacion_id":"42561","numero":"40807","id_tido":"6","id_tipo_pago":"2","fecha":"2026-02-17","dias_pagos":"","direccion":"1","id_cliente":"1305","total":"1687.00","estado":"0","id_empresa":"12","sucursal":"1","usar_precio":"1","moneda":"1","cm_tc":null,"id_usuario":"80","observacion":"Porfavor recoger frejol camanejo 4.270 y descontar 25.60","fecha_registro":"2026-02-17 07:30:41"}
[11-Jul-2026 11:09:52 America/Lima] DEBUG: Buscando cliente con SQL: select * from clientes where id_cliente = '1305'
[11-Jul-2026 11:09:52 America/Lima] DEBUG: SQL productos: SELECT p.cnt_presenta, pc.medida, pc.presenta, pc.presenta_cnt, p.codigo, pc.id_producto,
            SUM(pc.cantidad) AS cantidad,
            p.descripcion, p.codsunat, p.precio, p.precio2, p.precio3, p.costo,
            MAX(pc.precio) AS precioVenta, p.precio4, p.precio_unidad
        FROM productos_cotis pc
        JOIN productos p ON p.id_producto = pc.id_producto
        WHERE pc.id_coti = '42561'
        GROUP BY pc.id_producto, pc.medida, pc.presenta_cnt, pc.presenta,
            p.cnt_presenta, p.codigo, p.descripcion, p.codsunat,
            p.precio, p.precio2, p.precio3, p.costo, p.precio4, p.precio_unidad
[11-Jul-2026 11:09:52 America/Lima] DEBUG: Productos encontrados: 5
[11-Jul-2026 11:10:09 America/Lima] DEBUG: Buscando cotización ID: 42561
[11-Jul-2026 11:10:09 America/Lima] DEBUG: SQL sin filtros: SELECT * FROM cotizaciones where cotizacion_id='42561'
[11-Jul-2026 11:10:09 America/Lima] DEBUG: Datos de cotización encontrados: {"cotizacion_id":"42561","numero":"40807","id_tido":"6","id_tipo_pago":"2","fecha":"2026-02-17","dias_pagos":"","direccion":"1","id_cliente":"1305","total":"187.00","estado":"0","id_empresa":"12","sucursal":"1","usar_precio":"1","moneda":"1","cm_tc":null,"id_usuario":"80","observacion":"Porfavor recoger frejol camanejo 4.270 y descontar 25.60","fecha_registro":"2026-02-17 07:30:41"}
[11-Jul-2026 11:10:09 America/Lima] DEBUG: Buscando cliente con SQL: select * from clientes where id_cliente = '1305'
[11-Jul-2026 11:10:09 America/Lima] DEBUG: SQL productos: SELECT p.cnt_presenta, pc.medida, pc.presenta, pc.presenta_cnt, p.codigo, pc.id_producto,
            SUM(pc.cantidad) AS cantidad,
            p.descripcion, p.codsunat, p.precio, p.precio2, p.precio3, p.costo,
            MAX(pc.precio) AS precioVenta, p.precio4, p.precio_unidad
        FROM productos_cotis pc
        JOIN productos p ON p.id_producto = pc.id_producto
        WHERE pc.id_coti = '42561'
        GROUP BY pc.id_producto, pc.medida, pc.presenta_cnt, pc.presenta,
            p.cnt_presenta, p.codigo, p.descripcion, p.codsunat,
            p.precio, p.precio2, p.precio3, p.costo, p.precio4, p.precio_unidad
[11-Jul-2026 11:10:09 America/Lima] DEBUG: Productos encontrados: 5
[11-Jul-2026 12:26:08 America/Lima] PHP Warning:  Undefined array key "user" in C:\laragon\www\well-known\app\http\controllers\UsuarioController.php on line 14
[11-Jul-2026 12:26:08 America/Lima] PHP Warning:  Undefined array key "clave" in C:\laragon\www\well-known\app\http\controllers\UsuarioController.php on line 15
[11-Jul-2026 12:26:08 America/Lima] PHP Warning:  Undefined array key "sucursal" in C:\laragon\www\well-known\app\http\controllers\UsuarioController.php on line 16
[11-Jul-2026 12:26:52 America/Lima] PHP Warning:  Undefined array key "user" in C:\laragon\www\well-known\app\http\controllers\UsuarioController.php on line 14
[11-Jul-2026 12:26:52 America/Lima] PHP Warning:  Undefined array key "clave" in C:\laragon\www\well-known\app\http\controllers\UsuarioController.php on line 15
[11-Jul-2026 12:26:52 America/Lima] PHP Warning:  Undefined array key "sucursal" in C:\laragon\www\well-known\app\http\controllers\UsuarioController.php on line 16
[11-Jul-2026 12:27:17 America/Lima] PHP Warning:  Undefined array key "sucursal" in C:\laragon\www\well-known\app\http\controllers\UsuarioController.php on line 16
[11-Jul-2026 12:27:35 America/Lima] PHP Warning:  foreach() argument must be of type array|object, null given in C:\laragon\www\well-known\app\http\controllers\ComprasController.php on line 255
[11-Jul-2026 12:27:35 America/Lima] PHP Warning:  foreach() argument must be of type array|object, null given in C:\laragon\www\well-known\app\http\controllers\ComprasController.php on line 282
[11-Jul-2026 12:31:21 America/Lima] PHP Warning:  foreach() argument must be of type array|object, null given in C:\laragon\www\well-known\app\http\controllers\ComprasController.php on line 255
[11-Jul-2026 12:31:21 America/Lima] PHP Warning:  foreach() argument must be of type array|object, null given in C:\laragon\www\well-known\app\http\controllers\ComprasController.php on line 282
